<?xml version="1.0" encoding="UTF-8" standalone="yes"?>
<addon id="plugin.video.digionline"
       name="DigiOnline"
       version="0.2.2"
       provider-name="Moromete/Sile70000">
  <requires>
    <import addon="xbmc.python" version="3.0.0"/>
    <import addon="script.module.beautifulsoup4"/>
    <import addon="script.module.requests"/>
	<import addon="script.module.inputstreamhelper" version="0.4.2" />
  </requires>
  <extension point="xbmc.python.pluginsource"
             library="default.py">
    <provides>video</provides>
  </extension>
  <extension point="xbmc.addon.metadata">
    <summary>
      DigiOnline
    </summary>
    <description>
      DigiOnline
      - Watch Tv based on your DigiOnline account.
    </description>
    <platform>all</platform>
    <assets>
      <icon>resources/icon.png</icon>
      <fanart>resources/fanart.jpg</fanart>
    </assets>
  </extension>
</addon>
