<?xml version="1.0" encoding="UTF-8" standalone="yes"?>
<addon id="plugin.video.digionline"
       name="DigiOnline"
       version="0.0.4"
       provider-name="Moromete">
  <requires>
    <import addon="xbmc.python" version="2.7.0"/>
    <import addon="script.module.beautifulsoup4"/>
    <import addon="script.module.requests"/>
  </requires>
  <extension point="xbmc.python.pluginsource"
             library="default.py">
    <provides>video</provides>
  </extension>
  <extension point="xbmc.addon.metadata">
    <summary>
      DigiOnline
    </summary>
    <description>
      DigiOnline
      - Watch Tv based on your DigiOnline account.
    </description>
    <platform>all</platform>
  </extension>
</addon>
