<?xml version="1.0" encoding="UTF-8" standalone="yes"?>
<addon id="service.cinemagia"
       name="Cinemagia service"
       version="0.0.2"
       provider-name="moromete">
  <requires>
    <import addon="xbmc.python" version="2.26.0"/>
    <import addon="script.module.beautifulsoup4"/>
    <import addon="script.module.requests"/>
    <import addon="script.module.pytz"/>
  </requires>
  <extension point="xbmc.service" library="service.py" start="login" />
  <extension point="xbmc.addon.metadata">
    <platform>all</platform>
    <summary lang="en"></summary>
  </extension>
</addon>