[{"status": 2, "name": "24 \u0414\u043e\u043a", "address": "acestream://ce873dcc0b69aa11a639e59c5867a68584dc484c", "my": null, "id": "70474", "unverified": null}, {"status": 2, "name": "24 \u0422\u0435\u0445\u043d\u043e", "address": "acestream://6a8106fc07c8c9cbb89f6c954c29069b5ac57328", "my": null, "id": "70476", "unverified": null}, {"status": 2, "name": "365 \u0414\u043d\u0435\u0439", "address": "acestream://d710c1761e407e620b1c53eb385c8b6717c05982", "my": null, "id": "70477", "unverified": null}, {"status": 2, "name": "Animal Planet", "address": "acestream://9b9402ed484edc5fea41ea02d93c4ced190b441a", "my": null, "id": "132417", "unverified": null}, {"status": 2, "name": "Animal Planet", "address": "acestream://82102a3d12f3debd9c4982db3b45ad635fdd0f13", "my": null, "id": "132769", "unverified": null}, {"status": 1, "name": "Animal Planet Hd", "address": "acestream://ee7f7f11c1b031b8e63b99367dfd09fa152bd104", "my": null, "id": "132418", "unverified": null}, {"status": 2, "name": "Bbc Earth", "address": "sop://broker.sopcast.com:3912/148257", "my": null, "id": "133275", "unverified": null}, {"status": 2, "name": "Bbc Earth (rds)", "address": "http://82.76.40.81/digiedge2/bbcearthehq/index.m3u8?is=67&src=digi-online.ro&t=00000000000000000000000000000000", "my": null, "id": "133299", "unverified": null}, {"status": 2, "name": "Cbs Reality", "address": "acestream://acbfd8574084ffc68c65b0948485e5d0f82173e2", "my": null, "id": "132814", "unverified": null}, {"status": 2, "name": "Chasse-et-peche", "address": "acestream://2333c5f4182bb175f03dfad99499cf67b6e69e07", "my": null, "id": "129516", "unverified": null}, {"status": 2, "name": "Da Vinci Learning", "address": "acestream://7d4be772132dc650270989783b35ccb9d95230a7", "my": null, "id": "70479", "unverified": null}, {"status": 2, "name": "Da Vinci Learning (rds)", "address": "http://82.76.40.81/digiedge2/davincilearningehq/index.m3u8?is=66&src=digi-online.ro&t=00000000000000000000000000000000", "my": null, "id": "133306", "unverified": null}, {"status": 2, "name": "Digi Animal World (rds Only)", "address": "http://edge24.rdsnet.ro/digiedge2/digianimalworldehq/index.m3u8?is=16&src=digi-online.ro&t=00000000000000000000000000000000", "my": null, "id": "132564", "unverified": null}, {"status": 2, "name": "Digi World", "address": "sop://broker.sopcast.com:3912/148260", "my": null, "id": "101697", "unverified": null}, {"status": 2, "name": "Digi World (rds Only)", "address": "http://edge24.rdsnet.ro/digiedge2/digiworldehq/index.m3u8?is=5&src=digi-online.ro&t=00000000000000000000000000000000", "my": null, "id": "132563", "unverified": null}, {"status": 2, "name": "Discovery", "address": "sop://broker.sopcast.com:3912/256241", "my": null, "id": "133235", "unverified": null}, {"status": 2, "name": "Discovery Id", "address": "sop://51.15.195.206:3912/263196", "my": null, "id": "133899", "unverified": null}, {"status": 2, "name": "Discovery Science", "address": "acestream://7f60d6022da20f2c5a7e6507c32b62172a8b6f21", "my": null, "id": "70480", "unverified": null}, {"status": 2, "name": "Discovery Science", "address": "sop://broker.sopcast.com:3912/256243", "my": null, "id": "133273", "unverified": null}, {"status": 2, "name": "Discovery Showcase Hd", "address": "acestream://394847803522abc7638699d76aad96b9a6bd3298", "my": null, "id": "134076", "unverified": null}, {"status": 2, "name": "Discovery World", "address": "acestream://507b683425399bb325de7509287866b0c085d90a", "my": null, "id": "70481", "unverified": null}, {"status": 2, "name": "Dobro Tv", "address": "acestream://c981bd978cc886435ab33fa5a98f3e30bb1d82b7", "my": null, "id": "70482", "unverified": null}, {"status": 2, "name": "Dtx Hd Rusia", "address": "acestream://2561fce1c99a605e6477ed553e7902148858c6f1", "my": null, "id": "132541", "unverified": null}, {"status": 2, "name": "Hd Life", "address": "acestream://f9c5d789612f5c5700732d86e4ef494950459581", "my": null, "id": "70483", "unverified": null}, {"status": 2, "name": "History", "address": "sop://broker.sopcast.com:3912/263392", "my": null, "id": "133979", "unverified": null}, {"status": 1, "name": "History", "address": "sop://broker.sopcast.com:3912/253032", "my": null, "id": "133265", "unverified": null}, {"status": 2, "name": "History", "address": "acestream://9ad86ed80b3f2ed4e54bed52bf9d83b9847d2583", "my": null, "id": "134086", "unverified": null}, {"status": 2, "name": "History (rds Only)", "address": "http://edge24.rdsnet.ro/digiedge2/historychannelehq/index.m3u8?is=20&src=digi-online.ro&t=00000000000000000000000000000000", "my": null, "id": "131328", "unverified": null}, {"status": 2, "name": "History (rds)", "address": "http://82.76.40.81/digiedge2/historychannelehq/index.m3u8?is=20&src=digi-online.ro&t=00000000000000000000000000000000", "my": null, "id": "133296", "unverified": null}, {"status": 2, "name": "History Channel", "address": "acestream://36b98d0cb59b47b621f2083b821402328ffea217", "my": null, "id": "67818", "unverified": null}, {"status": 2, "name": "History Hd Rusia", "address": "acestream://a2bd02634b39659e6840274065a400dcd0dcd658", "my": null, "id": "132579", "unverified": null}, {"status": 1, "name": "Insight", "address": "http://ooyalahd2-f.akamaihd.net/i/intv02_delivery@346464/master.m3u8", "my": null, "id": "132451", "unverified": null}, {"status": 1, "name": "Investigation Discovery", "address": "sop://broker.sopcast.com:3912/256244", "my": null, "id": "133266", "unverified": null}, {"status": 2, "name": "Investigation Discovery Europe", "address": "acestream://f8db820e7827946f70641a7d32c3f091b022e74d", "my": null, "id": "130866", "unverified": null}, {"status": 1, "name": "Kirin Arts", "address": "http://ktv033.cdnak.ds.kylintv.net/nlds/kylin/varietyhd/as/live/varietyhd_4.m3u8", "my": null, "id": "115907", "unverified": null}, {"status": 1, "name": "Leonardo", "address": "http://ltlive01.cloudapp.net/LT_CH_4plat296w.isml/QualityLevels(1264000)/manifest(format=m3u8-aapl).m3u8", "my": null, "id": "48444", "unverified": null}, {"status": 2, "name": "M\u0435\u0433\u0430", "address": "acestream://d527c2e2ce8d63110e862e5d2373466da87315fd", "my": null, "id": "70485", "unverified": null}, {"status": 1, "name": "Nat Geo Wild", "address": "acestream://0309126f3e0785cb9ccfa46480c225730e2c9899", "my": null, "id": "70486", "unverified": null}, {"status": 2, "name": "Nat Geo Wild (rds Only)", "address": "http://edge24.rdsnet.ro/digiedge2/nationalgeographicwildehq/index.m3u8?is=33&src=digi-online.ro&t=00000000000000000000000000000000", "my": null, "id": "132570", "unverified": null}, {"status": 2, "name": "National Geografic", "address": "sop://broker.sopcast.com:3912/148248", "my": null, "id": "133241", "unverified": null}, {"status": 2, "name": "National Geographic (rds Only)", "address": "http://edge24.rdsnet.ro/digiedge2/nationalgeographicehq/index.m3u8?is=19&src=digi-online.ro&t=00000000000000000000000000000000", "my": null, "id": "132569", "unverified": null}, {"status": 2, "name": "National Geographic (rds)", "address": "http://82.76.40.81/digiedge2/nationalgeographicehq/index.m3u8?is=19&src=digi-online.ro&t=00000000000000000000000000000000", "my": null, "id": "133297", "unverified": null}, {"status": 1, "name": "National Geographic Wild", "address": "sop://broker.sopcast.com:3912/253037", "my": null, "id": "133272", "unverified": null}, {"status": 2, "name": "National Geographic Wild (rds)", "address": "http://82.76.40.81/digiedge2/nationalgeographicwildehq/index.m3u8?is=33&src=digi-online.ro&t=00000000000000000000000000000000", "my": null, "id": "133298", "unverified": null}, {"status": 1, "name": "Ndr", "address": "http://ndr_fs-lh.akamaihd.net/i/ndrfs_nds@119224/index_3776_av-p.m3u8", "my": null, "id": "122371", "unverified": null}, {"status": 1, "name": "Ntv-2", "address": "acestream://cb8099c17d650caf22953b629dbc865acef07bc3", "my": null, "id": "129475", "unverified": null}, {"status": 1, "name": "Ntv-3", "address": "acestream://d292557b178dac20af448eb9775fee3c2a900c7f", "my": null, "id": "129476", "unverified": null}, {"status": 1, "name": "Ntv-3", "address": "acestream://d292557b178dac20af448eb9775fee3c2a900c7f/", "my": null, "id": "129480", "unverified": null}, {"status": 1, "name": "Rai Scuola", "address": "mmsh://212.162.68.162/rai_scuola", "my": null, "id": "63613", "unverified": null}, {"status": 1, "name": "Swr", "address": "http://swrrp-lh.akamaihd.net/i/swrrp_live@196739/master.m3u8", "my": null, "id": "122373", "unverified": null}, {"status": 1, "name": "Trofey Hd(ucraina)", "address": "acestream://6941a2e2ba30fd82b355d9411366a0508945dcbb", "my": null, "id": "129529", "unverified": null}, {"status": 1, "name": "Viasat Explorer", "address": "acestream://d8c34bfaae1e452c86fc5965c492b5438ddf0876", "my": null, "id": "70490", "unverified": null}, {"status": 2, "name": "Viasat Explorer (rds Only)", "address": "http://edge24.rdsnet.ro/digiedge2/viasatexplorerehq/index.m3u8?is=40&src=digi-online.ro&t=00000000000000000000000000000000", "my": null, "id": "132572", "unverified": null}, {"status": 2, "name": "Viasat History", "address": "sop://broker.sopcast.com:3912/151300", "my": null, "id": "133274", "unverified": null}, {"status": 2, "name": "Viasat History (rds)", "address": "http://82.76.40.81/digiedge2/viasathistoryehq/index.m3u8?is=41&src=digi-online.ro&t=00000000000000000000000000000000", "my": null, "id": "133302", "unverified": null}, {"status": 2, "name": "Viasat Nature (rds Only)", "address": "http://edge24.rdsnet.ro/digiedge2/viasatnatureehq/index.m3u8?is=42&src=digi-online.ro&t=00000000000000000000000000000000", "my": null, "id": "132571", "unverified": null}, {"status": 2, "name": "Viasat Nature (rds)", "address": "http://82.76.40.81/digiedge2/viasatnatureehq/index.m3u8?is=42&src=digi-online.ro&t=00000000000000000000000000000000", "my": null, "id": "133304", "unverified": null}, {"status": 1, "name": "Viasat Nature East", "address": "acestream://828676888ff9446b047965f78bd0d79633ac9ac2", "my": null, "id": "70492", "unverified": null}, {"status": 2, "name": "Wdr", "address": "http://wdr_fs-lh.akamaihd.net/i/wdrfs_weltweit@112033/index_3776_av-p.m3u8", "my": null, "id": "122372", "unverified": null}, {"status": 1, "name": "\u0412\u0440\u0435\u043c\u044f", "address": "acestream://b880bbfb7beb633dc0b68aeccbab0ae9f792f4ff", "my": null, "id": "70493", "unverified": null}, {"status": 2, "name": "\u0414\u043e\u043c\u0430\u0448\u043d\u0438\u0435 \u0416\u0438\u0432\u043e\u0442\u043d\u044b\u0435", "address": "acestream://44749c031b22814538c2b05f06f2b3b8e92e5af6", "my": null, "id": "70494", "unverified": null}, {"status": 1, "name": "\u0417\u0434\u043e\u0440\u043e\u0432\u043e\u0435 \u0422\u0412", "address": "acestream://eac6ef7905e6e8faf8f4cd945e965c2234db65be", "my": null, "id": "70495", "unverified": null}, {"status": 2, "name": "\u0417\u043e\u043e\u043f\u0430\u0440\u043a", "address": "acestream://79de35bcf4235d5443711fc304628c6a108bf2ac", "my": null, "id": "70496", "unverified": null}, {"status": 1, "name": "\u0418\u043d\u0442\u0435\u0440\u0435\u0441\u043d\u043e\u0435 \u0422\u0412", "address": "acestream://84a95e022e176a8ff0a53d10320eccede212e4b5", "my": null, "id": "70497", "unverified": null}, {"status": 1, "name": "\u0418\u0441\u0442\u043e\u0440\u0438\u044f", "address": "acestream://c7a0c1369466f68865b09a91cc8d4b23b4748ab2", "my": null, "id": "70498", "unverified": null}, {"status": 2, "name": "\u041a\u0442\u043e \u0415\u0441\u0442\u044c \u041a\u0442\u043e", "address": "acestream://81a5f044569658adcac5e019e7ab378fe4db5632", "my": null, "id": "70499", "unverified": null}, {"status": 1, "name": "\u041c\u043e\u044f \u041f\u043b\u0430\u043d\u0435\u0442\u0430", "address": "acestream://59ab430166ac8ec4d93e52deff30190927679de3", "my": null, "id": "70501", "unverified": null}, {"status": 1, "name": "\u041d\u0430\u043d\u043e \u0422\u0412", "address": "acestream://c736410783cb41c6d71d603dea0198f5ce9c0191", "my": null, "id": "70502", "unverified": null}, {"status": 1, "name": "\u041d\u0430\u0443\u043a\u0430 2.0", "address": "acestream://8455e2cef921b083373b72cd1bbf734613db108a", "my": null, "id": "70503", "unverified": null}, {"status": 2, "name": "\u041f\u0441\u0438\u0445\u043e\u043b\u043e\u0433\u0438\u044f 21", "address": "acestream://a5b9448616fe5957bf99d17c0c334e094790ab52", "my": null, "id": "70504", "unverified": null}, {"status": 2, "name": "\u0423\u0441\u0430\u0434\u044c\u0431\u0430", "address": "acestream://067cb0552e631a8b27067a8df275191c18b6cdba", "my": null, "id": "70506", "unverified": null}, {"status": 1, "name": "Abc News", "address": "http://abclive.abcnews.com/i/abc_live4@136330/index_1200_av-b.m3u8", "my": null, "id": "131526", "unverified": null}, {"status": 2, "name": "Agro Tv", "address": "http://agrotv.streamnet.ro:9000/", "my": null, "id": "98158", "unverified": null}, {"status": 2, "name": "Antena 3 Hd", "address": "acestream://ecf680eab197c2fa18baac0465d6fd40ec4a13ce/", "my": null, "id": "133648", "unverified": null}, {"status": 2, "name": "Arirang World", "address": "http://amdlive.ctnd.com.edgesuite.net/arirang_1ch/smil:arirang_1ch.smil/chunklist_b528000_sleng.m3u8", "my": null, "id": "129848", "unverified": null}, {"status": 2, "name": "Austria 24", "address": "rtmp://streaming.austria24.tv/live/stream_360p", "my": null, "id": "122559", "unverified": null}, {"status": 2, "name": "B1 Tv (rds)", "address": "http://82.76.40.81/digiedge2/b1tvehq/index.m3u8?is=29&src=digi-online.ro&t=00000000000000000000000000000000", "my": null, "id": "133314", "unverified": null}, {"status": 2, "name": "Deniz Haber Tv", "address": "acestream://080cf8a8b6cf65fbf884f1800da0077530a2747a", "my": null, "id": "133215", "unverified": null}, {"status": 2, "name": "Deutsche Welle", "address": "http://dwstream4-lh.akamaihd.net/i/dwstream4_live@131329/master.m3u8", "my": null, "id": "131276", "unverified": null}, {"status": 2, "name": "Digi 24", "address": "http://81.196.0.126/digi24edge/digi24hdhqhls/index.m3u8", "my": null, "id": "129536", "unverified": null}, {"status": 2, "name": "Digi 24", "address": "http://81.196.0.126/digi24edge/digi24hdlqhls/index.m3u8", "my": null, "id": "129537", "unverified": null}, {"status": 2, "name": "Digi 24", "address": "http://81.196.0.126/digi24edge/digi24hdmqhls/index.m3u8", "my": null, "id": "129538", "unverified": null}, {"status": 2, "name": "Digi 24", "address": "http://82.76.40.75/digi24edge/digi24hdhqhls/index.m3u8", "my": null, "id": "132359", "unverified": null}, {"status": 2, "name": "Digi24 Bucuresti", "address": "acestream://d9ed8d6c26ed4722995d3a5a2749219075123cef", "my": null, "id": "129606", "unverified": null}, {"status": 2, "name": "Grand Lille Tv", "address": "rtsp://str81.creacast.com/grandlilletv/high", "my": null, "id": "61256", "unverified": null}, {"status": 2, "name": "Il Meteo Italia", "address": "http://media.ilmeteo.it/video/iphone/oggi.m4v", "my": null, "id": "48281", "unverified": null}, {"status": 2, "name": "L!fe News", "address": "http://tv.life.ru/index.m3u8", "my": null, "id": "60981", "unverified": null}, {"status": 1, "name": "Nrt Hd", "address": "rtmp://nrttv.iptv-playoutcenter.de:1935/nrt1/_definst_/mp4:nrt1.stream_1", "my": null, "id": "124830", "unverified": null}, {"status": 2, "name": "Pro Tv News", "address": "acestream://6ce5bd5d05869f7879221f14cd65a45de81e72d1", "my": null, "id": "132413", "unverified": null}, {"status": 1, "name": "Pro Tv News", "address": "http://m2.live.protv.ro:1935/news/1.stream/playlist.m3u8", "my": null, "id": "131242", "unverified": null}, {"status": 2, "name": "Rai News24", "address": "http://b2everyrai-lh.akamaihd.net/i/rainews_1@179616/index_1200_av-p.m3u8", "my": null, "id": "130363", "unverified": null}, {"status": 2, "name": "Realitatea Plus", "address": "http://195.42.138.43/livertmp/plus/playlist.m3u8", "my": null, "id": "132539", "unverified": null}, {"status": 2, "name": "Realitatea Tv", "address": "sop://broker.sopcast.com:3912/151638", "my": null, "id": "133900", "unverified": null}, {"status": 1, "name": "Realitatea Tv", "address": "sop://broker.sopcast.com:3912/253036", "my": null, "id": "133234", "unverified": null}, {"status": 2, "name": "Realitatea Tv", "address": "acestream://743acbe9389e6bf80832325fc10246a545d89e08", "my": null, "id": "134093", "unverified": null}, {"status": 2, "name": "Realitatea Tv (rds)", "address": "http://82.76.40.81/digiedge2/realitateatvehq/index.m3u8?is=26&src=digi-online.ro&t=00000000000000000000000000000000", "my": null, "id": "133313", "unverified": null}, {"status": 2, "name": "Romania Tv (rds)", "address": "http://82.76.40.81/digiedge2/romaniatvehq/index.m3u8?is=27&src=digi-online.ro&t=00000000000000000000000000000000", "my": null, "id": "133312", "unverified": null}, {"status": 2, "name": "Sky Tg24", "address": "http://skyianywhere2-i.akamaihd.net/hls/live/200275/tg24/playlist.m3u8", "my": null, "id": "48267", "unverified": null}, {"status": 1, "name": "Trt World", "address": "http://trtcanlitv-lh.akamaihd.net/i/TRTWORLD_1@321783/index_1500_av-p.m3u8?sd=10&rebase=on", "my": null, "id": "129469", "unverified": null}, {"status": 2, "name": "Tvmas Hd(mexic)", "address": "rtmp://50.7.98.234/rtv/videortv", "my": null, "id": "124257", "unverified": null}, {"status": 2, "name": "1 Hd (belarus)", "address": "rtmp://rtmp.one.by/HD/1muz", "my": null, "id": "131428", "unverified": null}, {"status": 2, "name": "1 Music (rusia)", "address": "http://rtmp.one.by:2200", "my": null, "id": "131487", "unverified": null}, {"status": 2, "name": "1 Music Channel", "address": "http://stream.1music.hu/stream/1music.m3u8", "my": null, "id": "125198", "unverified": null}, {"status": 2, "name": "1 Music Hd (rusia)", "address": "http://rtmp.one.by:2300", "my": null, "id": "131488", "unverified": null}, {"status": 2, "name": "1 Tv (belarus)", "address": "rtmp://rtmp.one.by/SD/1muz", "my": null, "id": "131427", "unverified": null}, {"status": 2, "name": "4 Fun Tv", "address": "acestream://230a56c97066c64fa05dea614d9e7e39d7624075", "my": null, "id": "134123", "unverified": null}, {"status": 1, "name": "A-one", "address": "acestream://b50df208c8cf69d657e1687b73f1996f32c8a1fd", "my": null, "id": "71583", "unverified": null}, {"status": 1, "name": "A-one Ua", "address": "acestream://ab1404f272907898d56ecf153983374dedd12054", "my": null, "id": "116643", "unverified": null}, {"status": 1, "name": "Atomic Tv", "address": "acestream://9aa0c3b739221c9d7dfc58d8040c6acef881af13", "my": null, "id": "129639", "unverified": null}, {"status": 1, "name": "Atomic Tv", "address": "rtmp://5.154.185.153/live/live", "my": null, "id": "131312", "unverified": null}, {"status": 2, "name": "Balkanika", "address": "rtsp://stream.teracomm.bg/balkanika", "my": null, "id": "129988", "unverified": null}, {"status": 2, "name": "C Music", "address": "mmsh://streaming.cmusic.tv/cmusicworld-tv", "my": null, "id": "19446", "unverified": null}, {"status": 2, "name": "City", "address": "rtmp://nodeb.gocaster.net:1935/CGL/_definst_/mp4:TODAYFM_TEST2", "my": null, "id": "129458", "unverified": null}, {"status": 2, "name": "City Tv", "address": "http://nodeb.gocaster.net:1935/CGL/_definst_/mp4:TODAYFM_TEST2/chunklist_w74155641.m3u8", "my": null, "id": "130892", "unverified": null}, {"status": 2, "name": "Classical Music Tv", "address": "mmsh://88.150.142.12:80/cmusic-tv", "my": null, "id": "131241", "unverified": null}, {"status": 2, "name": "Club Land", "address": "http://rrr.sz.xlcdn.com/?account=AATW&file=clublandtv&type=live&service=wowza&protocol=http&output=playlist.m3u8", "my": null, "id": "105979", "unverified": null}, {"status": 1, "name": "Dancetv Hu", "address": "acestream://b0cbcb1f8b4eeb76f9e5cb27bca239ded542c1a5", "my": null, "id": "129695", "unverified": null}, {"status": 1, "name": "Djind Djs Hd", "address": "http://www.iptvsaga.com/play/tv3/0089.m3u8", "my": null, "id": "126113", "unverified": null}, {"status": 1, "name": "Djing Dancefloor Hd", "address": "http://www.djing.com/tv/d-05.m3u8", "my": null, "id": "126114", "unverified": null}, {"status": 2, "name": "Djing Hd", "address": "http://cdn.djing.com/tv/05.m3u8", "my": null, "id": "129492", "unverified": null}, {"status": 2, "name": "Djing Ibiza Hd", "address": "http://www.iptvsaga.com/play/tv3/0086.m3u8", "my": null, "id": "126115", "unverified": null}, {"status": 1, "name": "Eska Best Music Tv", "address": "rtmp://stream.smcloud.net/live2/best/best_360p", "my": null, "id": "61060", "unverified": null}, {"status": 1, "name": "Eska Best Music Tv", "address": "rtmp://stream.smcloud.net/live2/best/best_480p", "my": null, "id": "61061", "unverified": null}, {"status": 1, "name": "Eska Tv", "address": "rtmp://stream.smcloud.net/live2/eskatv/eskatv_480p", "my": null, "id": "28644", "unverified": null}, {"status": 1, "name": "Eska Tv Oldschool Hd", "address": "acestream://97fa50dad18879a273ca68f049b225db70d4f66c", "my": null, "id": "130004", "unverified": null}, {"status": 1, "name": "Eska Tv Rock", "address": "rtmp://stream.smcloud.net/live2/eska_rock/eska_rock_360p", "my": null, "id": "105980", "unverified": null}, {"status": 1, "name": "Eska-music-vox-tv-oldscool-hd", "address": "acestream://f3c6441ce62c182df410162a29d6bbf924c4dd2c", "my": null, "id": "129512", "unverified": null}, {"status": 1, "name": "First Music Hd", "address": "rtmp://109.239.142.62/live/livestream3", "my": null, "id": "31223", "unverified": null}, {"status": 2, "name": "H!t Music Channel (rds)", "address": "http://82.76.40.81/digiedge2/hitmusicchannelehq/index.m3u8?is=35&src=digi-online.ro&t=00000000000000000000000000000000", "my": null, "id": "133321", "unverified": null}, {"status": 2, "name": "Heart Tv", "address": "http://ooyalahd2-f.akamaihd.net/i/globalradio02_delivery@156522/master.m3u8", "my": null, "id": "61282", "unverified": null}, {"status": 2, "name": "Kiss Tv (rds)", "address": "http://82.76.40.81/digiedge2/kisstvehq/index.m3u8?is=34&src=digi-online.ro&t=00000000000000000000000000000000", "my": null, "id": "133318", "unverified": null}, {"status": 2, "name": "M2o Tv", "address": "http://m2otv-lh.akamaihd.net/i/m2oTv_1@186074/index_600_av-b.m3u8", "my": null, "id": "132357", "unverified": null}, {"status": 1, "name": "Mcm Top", "address": "acestream://b4476cc582487efdea96a2543c0fb9d9912f0b9d", "my": null, "id": "71585", "unverified": null}, {"status": 1, "name": "Mezzo", "address": "acestream://d8dcfecd4df5b845e8f997a74c14ca5d4ad74414", "my": null, "id": "73741", "unverified": null}, {"status": 1, "name": "Mezzo Live Hd", "address": "rtmp://91.201.78.3/live/jazzhd", "my": null, "id": "130784", "unverified": null}, {"status": 2, "name": "Mooz Dance", "address": "acestream://b4bc7f76f96f05413d0032980913e6bcf1860df6", "my": null, "id": "134118", "unverified": null}, {"status": 2, "name": "Mooz Hd", "address": "acestream://3b70949ffffcd7be649f92d4843181e51915ea17", "my": null, "id": "134117", "unverified": null}, {"status": 2, "name": "Mooz Hd", "address": "http://telekomtv.ro.edgesuite.net/shls/LIVE$MoozHD/6.m3u8/Level(545259)?start=LIVE&end=END", "my": null, "id": "132351", "unverified": null}, {"status": 2, "name": "Mooz Hits", "address": "http://telekomtv.ro.edgesuite.net/shls/LIVE$MoozHitsSD/6.m3u8/Level(545259)?start=LIVE&end=END&time=1472768646553", "my": null, "id": "132352", "unverified": null}, {"status": 2, "name": "Mooz Ro", "address": "acestream://2398c49644025519d6f2bdd83f405d42de80908f", "my": null, "id": "129846", "unverified": null}, {"status": 2, "name": "Mtv Adzerbaidjan", "address": "rtmp://85.132.78.6:1935/live/muztv.stream", "my": null, "id": "131019", "unverified": null}, {"status": 1, "name": "Mtv Dance", "address": "acestream://8fdf778bf5b87f365ba3d25226cf94180c4f39ee", "my": null, "id": "71586", "unverified": null}, {"status": 1, "name": "Mtv Hits Uk", "address": "acestream://821a7ce4afe17399763bb1c607ef0491cb6172f5", "my": null, "id": "71587", "unverified": null}, {"status": 1, "name": "Mtv Rocks", "address": "acestream://fb143107617c6ceebe3b243749f41a02128eb359", "my": null, "id": "71588", "unverified": null}, {"status": 2, "name": "Music Box", "address": "http://hls.novotelecom.ru/streaming/musboxtv/tvrec/playlist.m3u8", "my": null, "id": "30653", "unverified": null}, {"status": 2, "name": "Music Channel", "address": "http://x1-music-channelx.api.channel.livestream.com/3.0/playlist.m3u8", "my": null, "id": "131240", "unverified": null}, {"status": 2, "name": "Music Channel", "address": "acestream://71e4113524c1e480e40cba88bbb946d919d7f219", "my": null, "id": "132832", "unverified": null}, {"status": 2, "name": "Music Channel", "address": "acestream://f4241d5518159860296328757d8e23ca9b4ab339", "my": null, "id": "132591", "unverified": null}, {"status": 2, "name": "Music Channel", "address": "http://x1_music_channelx.api.channel.livestream.com/3.0/playlist.m3u8", "my": null, "id": "130047", "unverified": null}, {"status": 2, "name": "Music Channel (rds)", "address": "http://82.76.40.81/digiedge2/musicchannelehq/index.m3u8?is=25&src=digi-online.ro&t=00000000000000000000000000000000", "my": null, "id": "133320", "unverified": null}, {"status": 2, "name": "Music Channel Hu", "address": "acestream://0546ecffe5996c3446b4fc9361b4c62bcc5b1bca", "my": null, "id": "129694", "unverified": null}, {"status": 2, "name": "Musicbox", "address": "rtmp://212.26.132.86/live/mb_ua", "my": null, "id": "61078", "unverified": null}, {"status": 1, "name": "Noroc Tv", "address": "rtmp://tv.simpalsmedia.com/playmd/574678f2-7b17-4744-8145-ee719ccb38c2", "my": null, "id": "129964", "unverified": null}, {"status": 2, "name": "Nrj Hits Tv", "address": "rtsp://5.196.138.6:1935/live/nrjbelgique_360p", "my": null, "id": "130876", "unverified": null}, {"status": 1, "name": "Ocko Gold", "address": "http://iptv.klfree.cz:8012", "my": null, "id": "63633", "unverified": null}, {"status": 1, "name": "Ocko Hits", "address": "http://iptv.klfree.cz:8016", "my": null, "id": "63637", "unverified": null}, {"status": 2, "name": "One By", "address": "http://rtmp.one.by:1200", "my": null, "id": "131486", "unverified": null}, {"status": 2, "name": "One By  - Hd", "address": "http://rtmp.one.by:1300", "my": null, "id": "105812", "unverified": null}, {"status": 1, "name": "One.by Uhd", "address": "http://rtmp.one.by:1400/", "my": null, "id": "129490", "unverified": null}, {"status": 1, "name": "Polo Party", "address": "rtmp://stream.smcloud.net/live2/polo_party/polo_party_720p", "my": null, "id": "45645", "unverified": null}, {"status": 1, "name": "Polo Party", "address": "rtmp://stream.smcloud.net/live2/polo_party/polo_party_480p", "my": null, "id": "45168", "unverified": null}, {"status": 1, "name": "Polo Tv", "address": "rtmp://stream.smcloud.net/live/polotv", "my": null, "id": "61063", "unverified": null}, {"status": 2, "name": "Popular Tv", "address": "rtmp://extondemand.livestream.com/ondemand/trans/dv05/mogulus-user-files/chpopulartv/2010/04/02/511169da-0b8d-4997-b64b-3d57cf1a1291", "my": null, "id": "129997", "unverified": null}, {"status": 1, "name": "Powerturk Hd", "address": "http://powertv.cdnturk.com/powertv/powerturktv.smil/playlist.m3u8", "my": null, "id": "132416", "unverified": null}, {"status": 1, "name": "Radio Italia Tv", "address": "rtmp://cwedge.cdcache.net/cwedge/rilive", "my": null, "id": "61072", "unverified": null}, {"status": 2, "name": "Radio Monte Carlo Tv", "address": "rtmp://fms.105.net:1935/live/rmc1", "my": null, "id": "44561", "unverified": null}, {"status": 2, "name": "Retro Music Tv", "address": "rtmp://stream.mediawork.cz/retrotv/retrotvHQ1", "my": null, "id": "61047", "unverified": null}, {"status": 2, "name": "Retro Music Tv", "address": "acestream://3834eb091456fe162433cf910e4a17885c414a88", "my": null, "id": "129523", "unverified": null}, {"status": 2, "name": "Retro Tv", "address": "rtmp://stream.mediawork.cz:554/retrotv/retrotvHQ1", "my": null, "id": "132916", "unverified": null}, {"status": 2, "name": "Rock Hd", "address": "rtmp://91.201.78.3:1935/live/rockhd", "my": null, "id": "124826", "unverified": null}, {"status": 2, "name": "Rock Tv", "address": "mmsh://mediatv2.topix.it/24RockOne66", "my": null, "id": "48439", "unverified": null}, {"status": 2, "name": "Ru Tv Hd", "address": "acestream://a8a36cfa7b0d748d95b184512ef306f6ab374d16", "my": null, "id": "132826", "unverified": null}, {"status": 1, "name": "Thuisradio-fm", "address": "http://173.208.157.101:8304", "my": null, "id": "132411", "unverified": null}, {"status": 2, "name": "Trt Muzik", "address": "http://trtcanlitv-lh.akamaihd.net/i/TRTMUZIK_1@181845/master.m3u8", "my": null, "id": "131006", "unverified": null}, {"status": 2, "name": "Tv Banovina", "address": "rtmp://video.radio-banovina.hr:1935/live/myStream", "my": null, "id": "130895", "unverified": null}, {"status": 2, "name": "U Tv", "address": "http://82.76.40.76:80/utvedge/utvlivehls/index.m3u8", "my": null, "id": "130049", "unverified": null}, {"status": 2, "name": "U Tv", "address": "http://82.76.40.76:80/utvedge/utvlive/index.m3u8", "my": null, "id": "131239", "unverified": null}, {"status": 1, "name": "Vh 1 Classic", "address": "acestream://ae5447e2000cdc9c7aa4df2321d19bac32690615", "my": null, "id": "71589", "unverified": null}, {"status": 1, "name": "Vh 1 Europe", "address": "acestream://99a3346f5e686165647dae697288c6802692939e", "my": null, "id": "71590", "unverified": null}, {"status": 1, "name": "Vh-1 Europe", "address": "acestream://5f3c3e95a7d79fa932c5f54d488bfb11e3bd6a5a", "my": null, "id": "129928", "unverified": null}, {"status": 2, "name": "Virgin 1", "address": "rtmp://fms.105.net:1935/live/virgin1 playpath=virgin1 swfurl=http://www.highermedia.com/assets/flash/jw_player.swf live=1 pageurl=http://www.google.com/Virgin 1", "my": null, "id": "582", "unverified": null}, {"status": 2, "name": "Virgin Radio Tv", "address": "rtmp://fms.105.net:1935/live/virgin1", "my": null, "id": "64378", "unverified": null}, {"status": 2, "name": "Virgin Tv", "address": "http://wow01.105.net/live/virgin1/chunklist.m3u8", "my": null, "id": "82010", "unverified": null}, {"status": 2, "name": "Virgin Tv", "address": "http://wow01.105.net/live/virgin1/playlist.m3u8", "my": null, "id": "105981", "unverified": null}, {"status": 1, "name": "Vox Music", "address": "rtmp://stream.smcloud.net/live/vox2/stream1", "my": null, "id": "28222", "unverified": null}, {"status": 2, "name": "Vox Music", "address": "rtmp://stream.smcloud.net/live2/vox/vox_360p", "my": null, "id": "9620", "unverified": null}, {"status": 2, "name": "Xite.tv", "address": "http://www.iptvsaga.com/play/tv3/0008.m3u8", "my": null, "id": "126116", "unverified": null}, {"status": 2, "name": "Zu Tv", "address": "sop://broker.sopcast.com:3912/148252", "my": null, "id": "83152", "unverified": null}, {"status": 1, "name": "\u041b\u044f-\u043c\u0438\u043d\u043e\u0440", "address": "acestream://19646108db347a8ea0083b007b92cf05a4c87cd5", "my": null, "id": "71591", "unverified": null}, {"status": 1, "name": "\u041c 1", "address": "acestream://14e4190329b37b1bb76c4c3bd4e11a92cfe0fc34", "my": null, "id": "71592", "unverified": null}, {"status": 1, "name": "\u041c 2", "address": "acestream://09eba3a4da95ea76242e3810c29cf500777479a5", "my": null, "id": "71593", "unverified": null}, {"status": 1, "name": "\u041c\u0443\u0437 \u0422\u0412", "address": "acestream://c1f26bbdeb6ac5761430feaa0d0103851839da3c", "my": null, "id": "71594", "unverified": null}, {"status": 2, "name": "\u041c\u0443\u0437\u044b\u043a\u0430 \u041f\u0435\u0440\u0432\u043e\u0433\u043e", "address": "acestream://a04d20f804bb49769197f5ee2cf929f003779acb", "my": null, "id": "71595", "unverified": null}, {"status": 1, "name": "\u041f\u0435\u0440\u0432\u044b\u0439 \u041c\u0443\u0437\u044b\u043a\u0430\u043b\u044c\u043d\u044b\u0439 Uhd (belarus)", "address": "http://rtmp.one.by:1400", "my": null, "id": "117913", "unverified": null}, {"status": 1, "name": "\u041f\u0435\u0440\u0432\u044b\u0439 \u041c\u0443\u0437\u044b\u043a\u0430\u043b\u044c\u043d\u044b\u0439 Uhd 2", "address": "http://rtmp.one.by:1499", "my": null, "id": "117914", "unverified": null}, {"status": 2, "name": "\u0428\u0430\u043d\u0441\u043e\u043d \u0422\u0412", "address": "acestream://8a4481d771e8b7cf983e073d08facb87adc9aa61", "my": null, "id": "71596", "unverified": null}, {"status": 2, "name": "Baby Tv", "address": "acestream://b866daff2efa435998b0f72a89e12369dbd8c550", "my": null, "id": "133897", "unverified": null}, {"status": 2, "name": "Boomerang", "address": "sop://broker.sopcast.com:3912/149264", "my": null, "id": "133243", "unverified": null}, {"status": 1, "name": "Boomerang Rusia", "address": "acestream://652f3b2fa5e5452e20c605b741081f220dff950a", "my": null, "id": "129796", "unverified": null}, {"status": 1, "name": "Cartoon Network", "address": "acestream://61b7c7e5889e8888b40b7464bd2ec0dbf43e8f68", "my": null, "id": "70519", "unverified": null}, {"status": 2, "name": "Cartoon Network", "address": "sop://broker.sopcast.com:3912/148254", "my": null, "id": "133247", "unverified": null}, {"status": 2, "name": "Cartoon Network + Tnt", "address": "sop://broker.sopcast.com:3912/148254/123456", "my": null, "id": "130439", "unverified": null}, {"status": 1, "name": "Disney Channel", "address": "acestream://9daeb2091eac4b9d8f61aa6e350fa74e831b9174", "my": null, "id": "70520", "unverified": null}, {"status": 2, "name": "Disney Channel", "address": "sop://broker.sopcast.com:3912/253031", "my": null, "id": "133242", "unverified": null}, {"status": 2, "name": "Disney Channel (rds Only)", "address": "http://edge30.rdsnet.ro/digiedge2/disneychannelehq/index.m3u8?is=17&src=digi-online.ro&t=00000000000000000000000000000000", "my": null, "id": "131345", "unverified": null}, {"status": 2, "name": "Disney Channel (rds)", "address": "http://82.76.40.81/digiedge2/disneychannelehq/index.m3u8?is=17&src=digi-online.ro&t=00000000000000000000000000000000", "my": null, "id": "133295", "unverified": null}, {"status": 1, "name": "Disney Junior", "address": "acestream://0d440ff29eac83025cc09b072531474e33a2a7f9", "my": null, "id": "129546", "unverified": null}, {"status": 2, "name": "Disney Junior", "address": "sop://broker.sopcast.com:3912/256239", "my": null, "id": "133244", "unverified": null}, {"status": 2, "name": "Disney Junior (rds Only)", "address": "http://edge24.rdsnet.ro/digiedge2/disneyjuniorehq/index.m3u8?is=18&src=digi-online.ro&t=00000000000000000000000000000000", "my": null, "id": "132566", "unverified": null}, {"status": 2, "name": "Disney Junior (rds)", "address": "http://82.76.40.81/digiedge2/disneyjuniorehq/index.m3u8?is=18&src=digi-online.ro&t=00000000000000000000000000000000", "my": null, "id": "133308", "unverified": null}, {"status": 2, "name": "Duck Tv", "address": "sop://broker.sopcast.com:3912/148259", "my": null, "id": "110324", "unverified": null}, {"status": 1, "name": "Jimjam", "address": "acestream://40258afd62369792b604926fed6e775724cb0616", "my": null, "id": "70521", "unverified": null}, {"status": 2, "name": "Megamax (rds)", "address": "http://82.76.40.81/digiedge2/megamaxehq/index.m3u8?is=47&src=digi-online.ro&t=00000000000000000000000000000000", "my": null, "id": "133311", "unverified": null}, {"status": 2, "name": "Megamax Cz", "address": "acestream://241438949b15f0c2323edd13fbad8ef770a5e76c", "my": null, "id": "129758", "unverified": null}, {"status": 2, "name": "Minimax", "address": "sop://broker.sopcast.com:3912/148263", "my": null, "id": "133246", "unverified": null}, {"status": 2, "name": "Minimax (rds Only)", "address": "http://edge30.rdsnet.ro/digiedge2/minimaxehq/index.m3u8?is=37&src=digi-online.ro&t=00000000000000000000000000000000", "my": null, "id": "131348", "unverified": null}, {"status": 2, "name": "Minimax (rds)", "address": "http://82.76.40.81/digiedge2/minimaxehq/index.m3u8?is=37&src=digi-online.ro&t=00000000000000000000000000000000", "my": null, "id": "133309", "unverified": null}, {"status": 1, "name": "Nick Jr.", "address": "acestream://b6e1f8032ff17312a7c593b305eb396373d70aaa", "my": null, "id": "70522", "unverified": null}, {"status": 1, "name": "Nickelodeon", "address": "acestream://19bf86a7fc2b8501359f0e1bf3e506bf484135fa", "my": null, "id": "70523", "unverified": null}, {"status": 2, "name": "Nickelodeon", "address": "sop://broker.sopcast.com:3912/253472", "my": null, "id": "133248", "unverified": null}, {"status": 2, "name": "Nickelodeon (rds Only)", "address": "http://edge30.rdsnet.ro/digiedge2/nickelodeonehq/index.m3u8?is=28&src=digi-online.ro&t=00000000000000000000000000000000", "my": null, "id": "131349", "unverified": null}, {"status": 1, "name": "Nickelodeon (rds)", "address": "http://82.76.40.81/digiedge2/nickelodeonehq/index.m3u8?is=28&src=digi-online.ro&t=00000000000000000000000000000000", "my": null, "id": "133310", "unverified": null}, {"status": 1, "name": "Rai Gulp", "address": "mmsh://212.162.68.163/Rai_gulp", "my": null, "id": "48436", "unverified": null}, {"status": 2, "name": "Rai Gulp", "address": "http://b2everyrai-lh.akamaihd.net/i/raigulp_1@66350/index_1200_av-p.m3u8", "my": null, "id": "130361", "unverified": null}, {"status": 1, "name": "Rai Yoyo", "address": "http://b2everyrai-lh.akamaihd.net/i/raiyoyo_1@191405/index_1200_av-b.m3u8", "my": null, "id": "130362", "unverified": null}, {"status": 2, "name": "Raxa Anime Tv", "address": "http://video7.stream.mx:1935/raxatv/raxatv/chunklist6.m3u8", "my": null, "id": "116454", "unverified": null}, {"status": 2, "name": "Tiji", "address": "acestream://dccba3c03769fe8fa601978ad7fb2ee32b1e183f", "my": null, "id": "70524", "unverified": null}, {"status": 1, "name": "\u0414\u0435\u0442\u0441\u043a\u0438\u0439", "address": "acestream://6721573bbb4fde5e45d75621221dfa2e36e112bf", "my": null, "id": "70525", "unverified": null}, {"status": 1, "name": "\u041a\u0430\u0440\u0443\u0441\u0435\u043b\u044c", "address": "acestream://2aa6666e0fd452463a24ae026a41fd5b170b155f", "my": null, "id": "70526", "unverified": null}, {"status": 2, "name": "\u041c\u0430\u043b\u044f\u0442\u043a\u043e \u0422\u0412", "address": "acestream://eaf18e5c79504b4ddcace929018b78230e3b618e", "my": null, "id": "70527", "unverified": null}, {"status": 1, "name": "\u041c\u043e\u044f \u0414\u0438\u0442\u0438\u043d\u0430", "address": "acestream://7f5bae98201e14235811e8ce47becd641e762efb", "my": null, "id": "70528", "unverified": null}, {"status": 2, "name": "\u041c\u0443\u043b\u044c\u0442\u0438\u043c\u0430\u043d\u0438\u044f", "address": "acestream://b3e1a11a1ce965aa11fc3195e51df733fd8a7c3d", "my": null, "id": "70529", "unverified": null}, {"status": 2, "name": "\u041f\u0438\u043a\u0441\u0435\u043b\u044c \u0422\u0412", "address": "acestream://f2989572b9f2f101f332cff782129f3736b428e8", "my": null, "id": "70530", "unverified": null}, {"status": 1, "name": "\u041f\u043b\u044e\u0441 \u041f\u043b\u044e\u0441", "address": "acestream://e811aafb33fbaf151f87dd964b70803873323d8c", "my": null, "id": "70531", "unverified": null}, {"status": 2, "name": "Acasa Gold", "address": "sop://broker.sopcast.com:3912/253471", "my": null, "id": "70781", "unverified": null}, {"status": 2, "name": "Acasa Gold", "address": "sop://broker.sopcast.com:3912/253471/123456", "my": null, "id": "130431", "unverified": null}, {"status": 2, "name": "Acasa Tv", "address": "sop://broker.sopcast.com:3912/149256/123456", "my": null, "id": "130430", "unverified": null}, {"status": 2, "name": "Amc", "address": "http://37.220.128.130:9100/11", "my": null, "id": "129882", "unverified": null}, {"status": 1, "name": "Amedia Hit", "address": "acestream://6f47693e3c7bef3c0db036566ef31adca9759b0e", "my": null, "id": "132809", "unverified": null}, {"status": 1, "name": "Axn", "address": "sop://broker.sopcast.com:3912/253035", "my": null, "id": "133237", "unverified": null}, {"status": 1, "name": "Axn Black", "address": "sop://broker.sopcast.com:3912/149261", "my": null, "id": "72005", "unverified": null}, {"status": 1, "name": "Axn White", "address": "sop://broker.sopcast.com:3912/149262", "my": null, "id": "129653", "unverified": null}, {"status": 2, "name": "Bollywood Classic", "address": "http://telekomtv.ro.edgesuite.net/shls/LIVE$BollywoodClassic/6.m3u8/Level(545259)?start=LIVE&end=END", "my": null, "id": "129787", "unverified": null}, {"status": 1, "name": "Bollywood Classic", "address": "acestream://89282a207c54b01b9c13f80e1105827e5652d3f0", "my": null, "id": "129791", "unverified": null}, {"status": 2, "name": "Bollywood Film", "address": "acestream://6dc18dd376e88d0e6168f24c0a89ed9240a7833b", "my": null, "id": "129792", "unverified": null}, {"status": 1, "name": "Cbns Tv", "address": "sop://broker.sopcast.com:3912/140335", "my": null, "id": "132614", "unverified": null}, {"status": 1, "name": "Cbs Drama", "address": "acestream://d1e7c7f1b2a99b35422a29e86d21d547b7588cce", "my": null, "id": "70534", "unverified": null}, {"status": 2, "name": "Digi Film", "address": "sop://broker.sopcast.com:3912/172978", "my": null, "id": "132590", "unverified": null}, {"status": 1, "name": "Diva", "address": "sop://broker.sopcast.com:3912/253034/123456", "my": null, "id": "130434", "unverified": null}, {"status": 1, "name": "Diva Universal", "address": "sop://broker.sopcast.com:3912/253034", "my": null, "id": "70320", "unverified": null}, {"status": 1, "name": "Filmbox", "address": "sop://broker.sopcast.com:3912/148981", "my": null, "id": "109780", "unverified": null}, {"status": 2, "name": "Filmcafe", "address": "sop://broker.sopcast.com:3912/256238", "my": null, "id": "70765", "unverified": null}, {"status": 2, "name": "Fox", "address": "acestream://307ba595001a7b33dd3ec36e3d12ff8c328d3d15", "my": null, "id": "70535", "unverified": null}, {"status": 2, "name": "Fox Hd", "address": "http://545-tv.com/PREMIUM/vaSVW06GMDOiNBXJ/KANAL/Zm94LWhk", "my": null, "id": "118511", "unverified": null}, {"status": 1, "name": "Fox Life", "address": "acestream://a736d8881dc2212e8b016c1f34a508be4cabe659", "my": null, "id": "133193", "unverified": null}, {"status": 2, "name": "Fox Life", "address": "acestream://3021cbc5e56ea17f366bdc71aa73e095fca1e802", "my": null, "id": "70536", "unverified": null}, {"status": 2, "name": "Hbo", "address": "acestream://4db0d8b26247e0934613933bc0636ab3ce744f89", "my": null, "id": "134061", "unverified": null}, {"status": 2, "name": "Hbo", "address": "sop://broker.sopcast.com:3912/259497", "my": null, "id": "132607", "unverified": null}, {"status": 2, "name": "Hbo 2", "address": "sop://broker.sopcast.com:3912/259168", "my": null, "id": "133977", "unverified": null}, {"status": 2, "name": "Hbo 3", "address": "sop://broker.sopcast.com:3912/264001", "my": null, "id": "133978", "unverified": null}, {"status": 2, "name": "Hbo Sd", "address": "sop://broker.sopcast.com:3912/260710", "my": null, "id": "133227", "unverified": null}, {"status": 2, "name": "Hct (real Scary Tv)", "address": "http://hls.novotelecom.ru/streaming/nstv/tvrec/playlist.m3u8", "my": null, "id": "30652", "unverified": null}, {"status": 1, "name": "Icg Tv", "address": "acestream://948afa99168114abdefa508c1f280bf77e56cd91", "my": null, "id": "88550", "unverified": null}, {"status": 1, "name": "Mbc Bollywood", "address": "http://63.237.48.23/ios/MBC_BOLLYWOOD/MBC_BOLLYWOOD.m3u8", "my": null, "id": "117549", "unverified": null}, {"status": 2, "name": "Paramount", "address": "sop://broker.sopcast.com:3912/253033", "my": null, "id": "43182", "unverified": null}, {"status": 2, "name": "Pro Cinema", "address": "sop://broker.sopcast.com:3912/148249", "my": null, "id": "133239", "unverified": null}, {"status": 2, "name": "Pro Cinema", "address": "sop://broker.sopcast.com:3912/148249/123456", "my": null, "id": "130436", "unverified": null}, {"status": 1, "name": "Rai Movie", "address": "http://b2everyrai-lh.akamaihd.net/i/raimovie_1@67348/master.m3u8", "my": null, "id": "130360", "unverified": null}, {"status": 1, "name": "Rai Premium", "address": "http://b2everyrai-lh.akamaihd.net/i/raipremium_1@181837/index_1200_av-p.m3u8", "my": null, "id": "130359", "unverified": null}, {"status": 2, "name": "Sony Sci-fi", "address": "acestream://7de1ad4b5dd1b25a88a49f2f2e0c74269935613d", "my": null, "id": "134122", "unverified": null}, {"status": 2, "name": "Tonis", "address": "acestream://399e23947c31042cb9cd046da4e3c690c8b65787", "my": null, "id": "70538", "unverified": null}, {"status": 1, "name": "Tv 1000", "address": "sop://broker.sopcast.com:3912/259499", "my": null, "id": "132648", "unverified": null}, {"status": 2, "name": "Tv 1000", "address": "sop://broker.sopcast.com:3912/256337/123456", "my": null, "id": "130437", "unverified": null}, {"status": 2, "name": "Tv 1000 (rds)", "address": "http://82.76.40.81/digiedge2/tv1000ehq/index.m3u8?is=43&src=digi-online.ro&t=00000000000000000000000000000000", "my": null, "id": "133294", "unverified": null}, {"status": 1, "name": "Tv 1000 \u0420\u0443\u0441\u0441\u043a\u043e\u0435 \u041a\u0438\u043d\u043e", "address": "acestream://5a2f932a2d8afbaa26cd126fdff38e2f06fb95e1", "my": null, "id": "70540", "unverified": null}, {"status": 1, "name": "Tv Xxi (tv 21)", "address": "acestream://7dfb6588c71ae9ea0b10ea3d61c7d761db6670ec", "my": null, "id": "70541", "unverified": null}, {"status": 2, "name": "Tv1000", "address": "sop://broker.sopcast.com:3912/256337", "my": null, "id": "77911", "unverified": null}, {"status": 2, "name": "Tv1000 (rds Only)", "address": "http://edge24.rdsnet.ro/digiedge2/tv1000ehq/index.m3u8?is=43&src=digi-online.ro&t=00000000000000000000000000000000", "my": null, "id": "132565", "unverified": null}, {"status": 1, "name": "Tv1000 Megahit Hd", "address": "acestream://562f4c281c6fd2e5da30eddab35d3d11e4fceb74", "my": null, "id": "70512", "unverified": null}, {"status": 1, "name": "Zee Tv", "address": "acestream://1e201f6589874b8bb1476646cc1b01acfb246264", "my": null, "id": "70542", "unverified": null}, {"status": 1, "name": "\u0414\u043e\u043c \u041a\u0438\u043d\u043e", "address": "acestream://58c992f72445c19b71316b32883a5b8b77845c18", "my": null, "id": "70543", "unverified": null}, {"status": 1, "name": "\u0415\u0432\u0440\u043e\u043a\u0438\u043d\u043e", "address": "acestream://2199b39d9964f26c628a1500a8c92e8fee33060b", "my": null, "id": "70544", "unverified": null}, {"status": 1, "name": "\u0418\u043b\u043b\u044e\u0437\u0438\u043e\u043d+", "address": "acestream://9c9e0ad4c07b2d2e7e351dc901b3a2b64ad26925", "my": null, "id": "70545", "unverified": null}, {"status": 1, "name": "\u0418\u043d\u0434\u0438\u044f", "address": "acestream://dee5348f503ff265ad9ce3e04b9fdf82445dcd5e", "my": null, "id": "70546", "unverified": null}, {"status": 1, "name": "\u041a\u043e\u043c\u0435\u0434\u0438\u044f \u0422\u0412", "address": "acestream://eb3958816cc306c5c32a37155145f6d8f5d0bea1", "my": null, "id": "70547", "unverified": null}, {"status": 1, "name": "\u041d\u0421\u0422", "address": "acestream://dacfdb44c809e2346306b05a895b61fb646286cd", "my": null, "id": "70549", "unverified": null}, {"status": 1, "name": "\u041d\u0422\u0412+ \u041a\u0438\u043d\u043e \u041f\u043b\u044e\u0441", "address": "acestream://0a8e6909af773c2e1185c5fe95d32caa367bdc53", "my": null, "id": "70550", "unverified": null}, {"status": 1, "name": "\u041d\u0422\u0412+ \u041a\u0438\u043d\u043e\u043a\u043b\u0443\u0431", "address": "acestream://65861fc36da2e2cf7c04baceb5fba0d359982335", "my": null, "id": "70551", "unverified": null}, {"status": 2, "name": "\u041d\u0422\u0412+ \u041a\u0438\u043d\u043e\u043b\u044e\u043a\u0441", "address": "acestream://96ec1b480b7dafe077d16200fa32940260b4f332", "my": null, "id": "70552", "unverified": null}, {"status": 1, "name": "\u041d\u0422\u0412+ \u041a\u0438\u043d\u043e\u0441\u043e\u044e\u0437", "address": "acestream://ba5e769b20486988238bda8d570a2ef87dca14ee", "my": null, "id": "70553", "unverified": null}, {"status": 2, "name": "\u041d\u0422\u0412+ \u041a\u0438\u043d\u043e\u0445\u0438\u0442", "address": "acestream://0f56bee779e40221fed6c3b45e0c210fd97d050d", "my": null, "id": "70554", "unverified": null}, {"status": 1, "name": "\u041d\u0422\u0412+ \u041d\u0430\u0448\u0435 \u041a\u0438\u043d\u043e", "address": "acestream://8c3e46bd3e1ea43b5993d01ebf02012633e33ea8", "my": null, "id": "70555", "unverified": null}, {"status": 1, "name": "\u041d\u0422\u0412+ \u041f\u0440\u0435\u043c\u044c\u0435\u0440\u0430", "address": "acestream://ad4b9ea9a403dac1e083357dfb623ad3ef33547c", "my": null, "id": "70556", "unverified": null}, {"status": 1, "name": "\u041d\u0430\u0448\u0435 \u041b\u044e\u0431\u0438\u043c\u043e\u0435 \u041a\u0438\u043d\u043e", "address": "acestream://5af6bbbce97b1acd13e13f25d97701d05e8acf67", "my": null, "id": "70548", "unverified": null}, {"status": 1, "name": "\u0420\u0443\u0441\u0441\u043a\u0438\u0439 \u0418\u043b\u043b\u044e\u0437\u0438\u043e\u043d", "address": "acestream://0de911733e28c328df96af70b3195ef1f6879c74", "my": null, "id": "70557", "unverified": null}, {"status": 1, "name": "\u0422\u0412 3", "address": "acestream://3c81e3218ec6ba8b7396e083088093297278f3ae", "my": null, "id": "70558", "unverified": null}, {"status": 1, "name": "1+1 International", "address": "acestream://2daebf062c9e89835691fa5a48d5f7dc4d42eba7", "my": null, "id": "129743", "unverified": null}, {"status": 2, "name": "10 Tv", "address": "acestream://7a7adfed29c991cf63fdd3a892cca90eb29ca896", "my": null, "id": "132839", "unverified": null}, {"status": 2, "name": "6 Tv", "address": "acestream://44c33d2dd50d62b5a123b2291c295fa0f012d183", "my": null, "id": "132854", "unverified": null}, {"status": 2, "name": "Alex Berlin", "address": "http://alex-stream.rosebud-media.de:1935/live/alexlivetv.smil/playlist.m3u8?bitrate=800", "my": null, "id": "129493", "unverified": null}, {"status": 2, "name": "Antena 1", "address": "sop://broker.sopcast.com:3912/149257", "my": null, "id": "23087", "unverified": null}, {"status": 2, "name": "Antena 1", "address": "acestream://8a743f088f95e988867b12f6081280852c814ba8", "my": null, "id": "132693", "unverified": null}, {"status": 2, "name": "Antena 1", "address": "acestream://8a743f088f95e988867b12f6081280852c814ba8/", "my": null, "id": "132523", "unverified": null}, {"status": 2, "name": "Antena 1", "address": "sop://broker.sopcast.com:3912/148083", "my": null, "id": "125927", "unverified": null}, {"status": 2, "name": "Antena 1", "address": "sop://broker.sopcast.com:3912/263319", "my": null, "id": "132852", "unverified": null}, {"status": 2, "name": "Antena1 Sd", "address": "sop://broker.sopcast.com:3912/151301", "my": null, "id": "133224", "unverified": null}, {"status": 2, "name": "Artarea Hd", "address": "http://94.43.239.178:8080/CHANNEL827/BITRATE0/playlist.m3u8", "my": null, "id": "123861", "unverified": null}, {"status": 1, "name": "Axial Tv", "address": "http://cdn.axialtv.md/index.m3u8", "my": null, "id": "133223", "unverified": null}, {"status": 2, "name": "Fix Tv", "address": "rtmp://video.fixhd.tv/fix/hd.stream", "my": null, "id": "125197", "unverified": null}, {"status": 2, "name": "Hd-media - 3 D", "address": "acestream://df24f0bb9840324d6e00f4502897983d7c3eb744", "my": null, "id": "129514", "unverified": null}, {"status": 2, "name": "Hr", "address": "http://live1_hr-lh.akamaihd.net/i/hr_fernsehen@75910/master.m3u8", "my": null, "id": "122370", "unverified": null}, {"status": 2, "name": "Htb", "address": "http://87.245.214.43/streaming/ntv/16/tvrec/playlist.m3u8", "my": null, "id": "62823", "unverified": null}, {"status": 1, "name": "Ibs Tv", "address": "http://s1.streamnet.ro:8006/stream.flv", "my": null, "id": "60970", "unverified": null}, {"status": 1, "name": "Ictv Ukraine", "address": "acestream://146f95467c63f85c60a4e6a9c67810420ca26524", "my": null, "id": "129746", "unverified": null}, {"status": 2, "name": "Ipark", "address": "http://hls.novotelecom.ru/streaming/ipark/tvrec/playlist.m3u8", "my": null, "id": "31511", "unverified": null}, {"status": 2, "name": "Kanal 10(suedia)", "address": "rtmp://cdn-kanal10.crossnet.net/kanal10/mpegts.stream", "my": null, "id": "126109", "unverified": null}, {"status": 2, "name": "Kanal 3", "address": "rtmp://stream.taksimbilisim.com/kanal3/bant1", "my": null, "id": "32212", "unverified": null}, {"status": 2, "name": "Kanal 7 Hd", "address": "http://livetr.gostream.nl/kanal7hq/kanal7hq/media_w65933969.m3u8", "my": null, "id": "129467", "unverified": null}, {"status": 2, "name": "Kanal D", "address": "acestream://244e467a500a4e9cfc352c3707230d1f4b597a16/", "my": null, "id": "133644", "unverified": null}, {"status": 2, "name": "Kanal D", "address": "http://80.86.107.169:8100/stream.flv", "my": null, "id": "55579", "unverified": null}, {"status": 2, "name": "Kanal D", "address": "sop://broker.sopcast.com:3912/149258", "my": null, "id": "23086", "unverified": null}, {"status": 2, "name": "Kanal D", "address": "acestream://244e467a500a4e9cfc352c3707230d1f4b597a16", "my": null, "id": "134043", "unverified": null}, {"status": 2, "name": "Kanal D", "address": "sop://broker.sopcast.com:3912/256720", "my": null, "id": "132853", "unverified": null}, {"status": 2, "name": "Kanald Romania", "address": "acestream://562042e1ca1cf552853310155a050e43544203dd", "my": null, "id": "129608", "unverified": null}, {"status": 1, "name": "National Tv", "address": "sop://broker.sopcast.com:3912/253030", "my": null, "id": "133238", "unverified": null}, {"status": 2, "name": "Neptun Tv", "address": "http://93.114.77.11/live/ntv/index.m3u8", "my": null, "id": "130643", "unverified": null}, {"status": 1, "name": "Prima Tv", "address": "http://89.38.8.130:39413", "my": null, "id": "132704", "unverified": null}, {"status": 2, "name": "Primatv Sd", "address": "sop://broker.sopcast.com:3912/148086", "my": null, "id": "133231", "unverified": null}, {"status": 2, "name": "Pro  Tv", "address": "acestream://0a551bab2336a0fc11de8b0c4f914f40516642b8", "my": null, "id": "133336", "unverified": null}, {"status": 2, "name": "Pro Tv Hd", "address": "acestream://d778f62a79bd49e22ee724dd7971e3d5365cac2d", "my": null, "id": "134036", "unverified": null}, {"status": 2, "name": "Pro Tv Hd", "address": "sop://broker.sopcast.com:3912/263263", "my": null, "id": "132850", "unverified": null}, {"status": 2, "name": "Protv Sd", "address": "sop://broker.sopcast.com:3912/151380", "my": null, "id": "133226", "unverified": null}, {"status": 2, "name": "Rtrs Plus", "address": "http://parh.rtrs.tv:1935/plus/plus/playlist.m3u8", "my": null, "id": "122558", "unverified": null}, {"status": 1, "name": "Stb Ucraina", "address": "acestream://a184e1e0516d46455669d314a44c5a9f80a679df", "my": null, "id": "129744", "unverified": null}, {"status": 2, "name": "Tele Madrid Sat", "address": "http://iphone.telemadrid.es.edgesuite.net/laotra_iphone.m3u8", "my": null, "id": "61234", "unverified": null}, {"status": 1, "name": "Telekanal Ukraina", "address": "acestream://71b174e4bd303cfa32750a498bd3b18900662f12", "my": null, "id": "129749", "unverified": null}, {"status": 1, "name": "Trt 1 Hd", "address": "http://trtcanlitv-lh.akamaihd.net/i/TRT1HD_1@181842/index_1500_av-b.m3u8?sd=10&rebase=on", "my": null, "id": "126111", "unverified": null}, {"status": 2, "name": "Tvr 1", "address": "sop://broker.sopcast.com:3912/148085", "my": null, "id": "133233", "unverified": null}, {"status": 1, "name": "Tvr 1", "address": "http://82.76.40.81/digiedge2/tvr1ehq/index.m3u8?is=24&src=digi-online.ro&t=00000000000000000000000000000000", "my": null, "id": "133287", "unverified": null}, {"status": 2, "name": "Tvr 2", "address": "http://178.21.122.94:1935/live/_definst_/tvr2/index.m3u", "my": null, "id": "109419", "unverified": null}, {"status": 2, "name": "Tvr 2 (rds Only)", "address": "http://edge24.rdsnet.ro/digiedge2/tvr2ehq/index.m3u8?is=38&src=digi-online.ro&t=00000000000000000000000000000000", "my": null, "id": "132578", "unverified": null}, {"status": 1, "name": "Tvr 2 (rds)", "address": "http://82.76.40.81/digiedge2/tvr2ehq/index.m3u8?is=38&src=digi-online.ro&t=00000000000000000000000000000000", "my": null, "id": "133288", "unverified": null}, {"status": 2, "name": "Tvr2", "address": "sop://broker.sopcast.com:3912/173286", "my": null, "id": "133249", "unverified": null}, {"status": 1, "name": "Tvr2", "address": "sop://broker.sopcast.com:3912/256336", "my": null, "id": "133024", "unverified": null}, {"status": 1, "name": "Ua: Pervyi", "address": "acestream://2411dbb1584cbaa70fb69dca7e4c82dfaaaf55ba", "my": null, "id": "129748", "unverified": null}, {"status": 1, "name": "\u041f\u0435\u0440\u0432\u044b\u0439 Hd", "address": "acestream://8909c7295b84da85fc24dd0ae6bc3ada30419e7d", "my": null, "id": "70516", "unverified": null}, {"status": 1, "name": "\u0420\u043e\u0441\u0441\u0438\u044f Hd", "address": "acestream://aa78b51ef9ae4517acf4cc75e7ac172298a98398", "my": null, "id": "70517", "unverified": null}, {"status": 2, "name": "\u0420\u043e\u0441\u0441\u0438\u044f \u041a", "address": "acestream://beae8d86a19af45948fbd1b6a82125e5c74cc6e8", "my": null, "id": "70505", "unverified": null}, {"status": 1, "name": "Anyday 3d", "address": "acestream://16005087671cceed19964b2546f6eba5e9ff6c03", "my": null, "id": "129515", "unverified": null}, {"status": 1, "name": "Casa Mia Tv", "address": "rtmp://adv-video.distinct.ro:443/live_playlist/_definst_/casamia", "my": null, "id": "63578", "unverified": null}, {"status": 2, "name": "Digilife (rds Only)", "address": "http://edge24.rdsnet.ro/digiedge2/digilifeehq/index.m3u8?is=6&src=digi-online.ro&t=00000000000000000000000000000000", "my": null, "id": "132562", "unverified": null}, {"status": 1, "name": "Glazella - 3d", "address": "acestream://aefa47e5fbc9e50370b73489a1b54e84b18c57c2", "my": null, "id": "129513", "unverified": null}, {"status": 1, "name": "Hatoscsatorna", "address": "acestream://257fd906012a39afebc80ce95011a625aea9310d", "my": null, "id": "129696", "unverified": null}, {"status": 1, "name": "Iland Hd", "address": "acestream://9c2c46d8cbd157d23995f157c7e0595f1a7fa6e6", "my": null, "id": "129519", "unverified": null}, {"status": 1, "name": "Konyha Tv", "address": "http://91.82.85.44:1935/live/konyhatv/playlist.m3u8", "my": null, "id": "125200", "unverified": null}, {"status": 1, "name": "Mpfm", "address": "sop://broker.sopcast.com:3912/148261", "my": null, "id": "90942", "unverified": null}, {"status": 1, "name": "Mute Tv", "address": "acestream://e0495f485bd1459d005691574595d374ccb8fa08", "my": null, "id": "129718", "unverified": null}, {"status": 2, "name": "Russian Travel Guide", "address": "acestream://66a4295a0f3094b7c2f7cfd4d48f0573a2690845", "my": null, "id": "70487", "unverified": null}, {"status": 2, "name": "Telestar Tv", "address": "http://193.34.109.10:8090", "my": null, "id": "60965", "unverified": null}, {"status": 2, "name": "Tlc", "address": "sop://broker.sopcast.com:3912/148256", "my": null, "id": "133269", "unverified": null}, {"status": 1, "name": "Tlc Russian", "address": "acestream://3693cbe1290b00d7cbc0c936fa079bd668c97c64", "my": null, "id": "70488", "unverified": null}, {"status": 1, "name": "Travel Channel", "address": "acestream://c3144724cf3b32deb27731486c2b711f5d4c97d8", "my": null, "id": "70489", "unverified": null}, {"status": 2, "name": "Travel Channel", "address": "sop://broker.sopcast.com:3912/148885", "my": null, "id": "133276", "unverified": null}, {"status": 2, "name": "Travel Channel (rds Only)", "address": "http://edge24.rdsnet.ro/digiedge2/travelchannelehq/index.m3u8?is=21&src=digi-online.ro&t=00000000000000000000000000000000", "my": null, "id": "132573", "unverified": null}, {"status": 2, "name": "Travel Channel (rds)", "address": "http://82.76.40.81/digiedge2/travelchannelehq/index.m3u8?is=21&src=digi-online.ro&t=00000000000000000000000000000000", "my": null, "id": "133300", "unverified": null}, {"status": 2, "name": "Tv Art", "address": "rtmp://83.222.173.94:1935/tvart/tvart", "my": null, "id": "130889", "unverified": null}, {"status": 2, "name": "Tv Paprika", "address": "sop://broker.sopcast.com:3912/148881", "my": null, "id": "133277", "unverified": null}, {"status": 1, "name": "Tv Paprika (rds Only)", "address": "http://edge24.rdsnet.ro/digiedge2/tvpaprikaehq/index.m3u8?is=39&src=digi-online.ro&t=00000000000000000000000000000000", "my": null, "id": "132567", "unverified": null}, {"status": 1, "name": "Tv Paprika (rds)", "address": "http://82.76.40.81/digiedge2/tvpaprikaehq/index.m3u8?is=39&src=digi-online.ro&t=00000000000000000000000000000000", "my": null, "id": "133301", "unverified": null}, {"status": 1, "name": "\u041a\u0443\u0445\u043d\u044f \u0422\u0412", "address": "acestream://0fce776f30de2a12d601b36e80111dcbc66623e2", "my": null, "id": "70500", "unverified": null}, {"status": 1, "name": "Canal+toros", "address": "acestream://b5b43500253f735b17c107637c98f4e9747d8a93", "my": null, "id": "99462", "unverified": null}, {"status": 1, "name": "Digi Sp1", "address": "sop://broker.sopcast.com:3912/253874", "my": null, "id": "133282", "unverified": null}, {"status": 1, "name": "Digi Sport 1", "address": "sop://broker.sopcast.com:3912/150261", "my": null, "id": "132603", "unverified": null}, {"status": 2, "name": "Digi Sport 1 (rds)", "address": "http://dgf.icx.ro/digiedge/digisport1ehq/index.m3u8?is=1&src=digi-online.ro&t=00000000000000000000000000000000", "my": null, "id": "133218", "unverified": null}, {"status": 2, "name": "Digi Sport 2", "address": "http://dgf.icx.ro/digiedge/digisport2ehq/index.m3u8?is=2&src=digi-online.ro&t=00000000000000000000000000000000", "my": null, "id": "133219", "unverified": null}, {"status": 1, "name": "Digi Sport 3", "address": "sop://51.15.195.206:3912/263483", "my": null, "id": "133324", "unverified": null}, {"status": 2, "name": "Digisport 1", "address": "sop://broker.sopcast.com:3912/148886", "my": null, "id": "129593", "unverified": null}, {"status": 1, "name": "Digisport 1", "address": "sop://broker.sopcast.com:3912/173020", "my": null, "id": "132581", "unverified": null}, {"status": 1, "name": "Digisport 2", "address": "sop://broker.sopcast.com:3912/263242", "my": null, "id": "132580", "unverified": null}, {"status": 2, "name": "Digisport 3 (rds Only)", "address": "http://edge24.rdsnet.ro/digiedge/digisport3ehq/index.m3u8?is=3&src=digi-online.ro&t=00000000000000000000000000000000", "my": null, "id": "132576", "unverified": null}, {"status": 2, "name": "Digisport 4 (rds Only)", "address": "http://edge30.rdsnet.ro:80/digiedge/digisport4ehq/index.m3u8?is=49&src=digi-online.ro&t=00000000000000000000000000000000", "my": null, "id": "131319", "unverified": null}, {"status": 2, "name": "Digisport1 (rds Only)", "address": "http://edge24.rdsnet.ro/digiedge/digisport1ehq/index.m3u8?is=1&src=digionline.ro&t=00000000000000000000000000000000", "my": null, "id": "132561", "unverified": null}, {"status": 2, "name": "Digisport2 (rds Only)", "address": "http://edge24.rdsnet.ro/digiedge/digisport2ehq/index.m3u8?is=2&src=digi-online.ro&t=00000000000000000000000000000000", "my": null, "id": "132574", "unverified": null}, {"status": 1, "name": "Dolcesport 1", "address": "acestream://a72f7e9ec9fbf21395b95ee8545a93978b5adc97/", "my": null, "id": "116458", "unverified": null}, {"status": 1, "name": "Dolcesport 2", "address": "acestream://15770bf6d7b0e0503ec2068261e4be683916ccaa/", "my": null, "id": "116459", "unverified": null}, {"status": 1, "name": "Dolcesport 3", "address": "acestream://f7afb2a3b593f4d190312d7a1fba0dea9670b54a/", "my": null, "id": "116460", "unverified": null}, {"status": 1, "name": "Dolcesport 4", "address": "acestream://3f9f7989808cd22569ff5fa2cbe75b482d765bca/", "my": null, "id": "116461", "unverified": null}, {"status": 2, "name": "Eurosport", "address": "acestream://5959fd0504c59e1f8aeb8422a336b97bcd9b469f", "my": null, "id": "132433", "unverified": null}, {"status": 2, "name": "Eurosport (rds Only)", "address": "http://edge24.rdsnet.ro/digiedge2/eurosportehq/index.m3u8?is=31&src=digi-online.ro&t=00000000000000000000000000000000", "my": null, "id": "132575", "unverified": null}, {"status": 1, "name": "Eurosport 1", "address": "acestream://245456c580b49008d37e75c9c68b6d84ba48f2dc", "my": null, "id": "120373", "unverified": null}, {"status": 1, "name": "Eurosport 1", "address": "sop://broker.sopcast.com:3912/263056", "my": null, "id": "133254", "unverified": null}, {"status": 2, "name": "Eurosport 1", "address": "sop://broker.sopcast.com:3912/263132", "my": null, "id": "132604", "unverified": null}, {"status": 2, "name": "Eurosport 1 Hd", "address": "acestream://96943e2cb3288a943f40f2f0e5d2f036d9c01adc", "my": null, "id": "132537", "unverified": null}, {"status": 1, "name": "Eurosport 2", "address": "acestream://fde9af7d5b17a78fdd6a4bcdfbd08acade6b1f8c", "my": null, "id": "120374", "unverified": null}, {"status": 2, "name": "Eurosport 2", "address": "sop://broker.sopcast.com:3912/257488", "my": null, "id": "133255", "unverified": null}, {"status": 2, "name": "Eurosport 2 (rds Only)", "address": "http://edge30.rdsnet.ro/digiedge2/eurosport2ehq/index.m3u8?is=32&src=digi-online.ro&t=00000000000000000000000000000000", "my": null, "id": "131321", "unverified": null}, {"status": 1, "name": "Eurosport 2 (rds)", "address": "http://82.76.40.81/digiedge2/eurosport2ehq/index.m3u8?is=32&src=digi-online.ro&t=00000000000000000000000000000000", "my": null, "id": "133293", "unverified": null}, {"status": 1, "name": "Eurosport 2 Hd", "address": "acestream://46440d3db650f009f315c6b7cd21b3b66780f4f8", "my": null, "id": "129440", "unverified": null}, {"status": 2, "name": "Eurosport 2 Hd", "address": "acestream://35ac0065294efacd3bd7473941de0ff4c23e06a2", "my": null, "id": "132538", "unverified": null}, {"status": 1, "name": "Eurosport 2 Rus", "address": "acestream://d5084c1860732733fa44fda6ab58fe326d71de26", "my": null, "id": "132421", "unverified": null}, {"status": 1, "name": "Eurosport 2 Rus", "address": "acestream://7ca2d4e13611571dad6958cfdfa85a1c7deae2c4", "my": null, "id": "132457", "unverified": null}, {"status": 1, "name": "Eurosport 2 Russia", "address": "acestream://4b71476f6930076f6e474a520c206fdfd6c33b20", "my": null, "id": "104023", "unverified": null}, {"status": 1, "name": "Eurosport Hd", "address": "acestream://f51a51fc5113e93c772028a5cf8be3cec07303fd", "my": null, "id": "96381", "unverified": null}, {"status": 1, "name": "Eurosport Uk", "address": "acestream://7462d97e96e0f05e4551dbd3fb8a75a2d746c596", "my": null, "id": "104160", "unverified": null}, {"status": 1, "name": "Extreme Sports", "address": "acestream://54499ad1ade1eb4c981f9285cdad4eea1f9a3045", "my": null, "id": "132422", "unverified": null}, {"status": 1, "name": "Extreme Sports", "address": "acestream://ed8bcd7a23577ec4ffdc074391a2f886f6d7e4b6", "my": null, "id": "132434", "unverified": null}, {"status": 1, "name": "Hd \u0421\u043f\u043e\u0440\u0442", "address": "acestream://e60f5282ef5ebc3f508d5a13af21ae719d0758f1", "my": null, "id": "70508", "unverified": null}, {"status": 1, "name": "Khl Tv Hd", "address": "acestream://c24e53d18a5b7c4d77b460cbce18742b37e6b3a2", "my": null, "id": "70509", "unverified": null}, {"status": 1, "name": "Look Plus Hd", "address": "acestream://3cb88a8ed4f1aa396fa45d11a835e3000d73f2ce", "my": null, "id": "120372", "unverified": null}, {"status": 1, "name": "Look Tv Hd", "address": "acestream://f848597ae333d30939e060854044031556d0e8c1/", "my": null, "id": "117356", "unverified": null}, {"status": 1, "name": "Motors Tv", "address": "acestream://3728197052cbe4cda826d41fc873b5d429f9ca6e", "my": null, "id": "92063", "unverified": null}, {"status": 1, "name": "Nbc Sports", "address": "acestream://6c1f9b806eb63b89dae52c1c1227baa24a122e45", "my": null, "id": "91902", "unverified": null}, {"status": 2, "name": "Nrt Hd", "address": "http://nrttv.iptv-playoutcenter.de:1935/nrt1/nrt1.stream_1/playlist.m3u8", "my": null, "id": "107054", "unverified": null}, {"status": 1, "name": "Orf Sport + Hd", "address": "acestream://a3c28389cd15b1db2c782a76cae1a7bad0bdf42f", "my": null, "id": "117921", "unverified": null}, {"status": 1, "name": "Pac 12", "address": "http://xrxs.net/video/live-p12baya-2328.m3u8", "my": null, "id": "124822", "unverified": null}, {"status": 1, "name": "Sky Sports 1 Uk", "address": "acestream://3dec27f191922f42f6ff91a0f1641d15cba80d5e", "my": null, "id": "107420", "unverified": null}, {"status": 1, "name": "Skysport F1", "address": "acestream://02c14347959f78d8bf18f898c56f429ab5a44c7b", "my": null, "id": "92551", "unverified": null}, {"status": 1, "name": "Skysports 1", "address": "acestream://7dcf3c8daaad0efbef55af2d74d52a5f8f65783c", "my": null, "id": "92552", "unverified": null}, {"status": 1, "name": "Skysports 2", "address": "acestream://e9969669eeed0adb1c68072e977283222ac9572e", "my": null, "id": "92553", "unverified": null}, {"status": 1, "name": "Skysports 3", "address": "acestream://790ae5bc4ef54c62c55b68957bdd51769cbf8d55", "my": null, "id": "92549", "unverified": null}, {"status": 2, "name": "Sport 1", "address": "http://hls.novotelecom.ru/streaming/sport1/tvrec/playlist.m3u8", "my": null, "id": "31510", "unverified": null}, {"status": 1, "name": "Sport 1", "address": "acestream://224647f6b35f20a68f72633d588a8f208a896bcc/", "my": null, "id": "130448", "unverified": null}, {"status": 1, "name": "Sport 1 (ukraina)", "address": "acestream://b2825d1f94b08f246051365a75ad3b9198832705", "my": null, "id": "129751", "unverified": null}, {"status": 1, "name": "Sport 1 Cz/sk", "address": "acestream://224647f6b35f20a68f72633d588a8f208a896bcc", "my": null, "id": "124262", "unverified": null}, {"status": 1, "name": "Sport 1 Cz/sl", "address": "acestream://f8dec5ebffa4dda90639d1f87b4d1a66bf46fb60", "my": null, "id": "108333", "unverified": null}, {"status": 1, "name": "Sport 1 Germania", "address": "acestream://3a619efa4e9efb342affe2042a80647497ef5dbd", "my": null, "id": "108334", "unverified": null}, {"status": 2, "name": "Sport 1 Lituania", "address": "acestream://e11d4acac424daa996e838e4ebf5b8a182061abe", "my": null, "id": "129253", "unverified": null}, {"status": 1, "name": "Sport 2", "address": "acestream://2cf97774d9d6fdfcc4584569b7dd48c041484eba/", "my": null, "id": "130449", "unverified": null}, {"status": 1, "name": "Sport 2 (ukraina)", "address": "acestream://ef063d96699ce222cb9ada19e2b1a79770859559", "my": null, "id": "129752", "unverified": null}, {"status": 1, "name": "Sport 2 Cz/sl", "address": "acestream://923bfb351663df55f2708a82eeadb50225bc213d", "my": null, "id": "109057", "unverified": null}, {"status": 1, "name": "Sport 2 Cz/sl", "address": "acestream://62c7cf65052f78ae0477032b6b416206f54ce198", "my": null, "id": "124058", "unverified": null}, {"status": 1, "name": "Sport Tv 3", "address": "acestream://545605498d0756aa15d0e07ed78411c4c8598e45", "my": null, "id": "92062", "unverified": null}, {"status": 2, "name": "Sport.ro", "address": "sop://broker.sopcast.com:3912/178547", "my": null, "id": "129922", "unverified": null}, {"status": 1, "name": "Super Tennis Hd", "address": "acestream://c0348d263ba7bbb3044b156f806999b0ead8d93e", "my": null, "id": "117922", "unverified": null}, {"status": 2, "name": "Telekom Sp1", "address": "sop://broker.sopcast.com:3912/151307", "my": null, "id": "133326", "unverified": null}, {"status": 1, "name": "Telekom Sport 1", "address": "sop://broker.sopcast.com:3912/255726", "my": null, "id": "132589", "unverified": null}, {"status": 1, "name": "Telekom Sport 2", "address": "sop://broker.sopcast.com:3912/263051", "my": null, "id": "133252", "unverified": null}, {"status": 1, "name": "Telekom Sport 2", "address": "sop://broker.sopcast.com:3912/257109", "my": null, "id": "132600", "unverified": null}, {"status": 2, "name": "Telekom Sport 4", "address": "acestream://12b1b5b4e12b65ce21a46b6365455f800c71bacc", "my": null, "id": "134124", "unverified": null}, {"status": 1, "name": "Tv2 Sport Hd", "address": "acestream://7aeb6ae47583a751939edd88baba9b631a7bda1d", "my": null, "id": "117923", "unverified": null}, {"status": 1, "name": "Xsport", "address": "acestream://e0feff4b0ca08b7cd05a61c342d5713f7c1ed1b9", "my": null, "id": "132423", "unverified": null}, {"status": 1, "name": "\u041a\u0425\u041b \u0422\u0412", "address": "acestream://d3a19ca995ac00def6af7f4cca956d575f7ef4d8", "my": null, "id": "132424", "unverified": null}, {"status": 1, "name": "\u041a\u0425\u041b \u0422\u0412", "address": "acestream://638f5e6fab354fc5eba65afb8ea7f7eec0226b75", "my": null, "id": "132458", "unverified": null}, {"status": 1, "name": "\u041d\u0422\u0412+ \u0411\u0430\u0441\u043a\u0435\u0442\u0431\u043e\u043b", "address": "acestream://dc29d15949fc0c422e220b31781c453be19e7856", "my": null, "id": "132425", "unverified": null}, {"status": 1, "name": "\u041d\u0422\u0412+ \u041d\u0430\u0448 \u0424\u0443\u0442\u0431\u043e\u043b Hd", "address": "acestream://63b4feeacb1cf945a266aa16666fc9ad9338d83d", "my": null, "id": "70513", "unverified": null}, {"status": 1, "name": "\u041d\u0422\u0412+ \u0422\u0435\u043d\u043d\u0438\u0441", "address": "acestream://61d007b346313d204993353cc7fad9e915ff28dd", "my": null, "id": "132427", "unverified": null}, {"status": 1, "name": "\u041d\u0422\u0412+ \u0424\u0443\u0442\u0431\u043e\u043b 2 Hd", "address": "acestream://308d7b648d7c1374d4bc0e66c83272e775fb7ce3", "my": null, "id": "70514", "unverified": null}, {"status": 1, "name": "\u041d\u0422\u0412+ \u0424\u0443\u0442\u0431\u043e\u043b Hd", "address": "acestream://92d9e8aa121d395cb6d53e02d9f464dfc89ba980", "my": null, "id": "70515", "unverified": null}, {"status": 1, "name": "\u0421\u043f\u043e\u0440\u0442", "address": "acestream://086f1ec55f6080823028b0927da9d9daf3fe4aaf", "my": null, "id": "132428", "unverified": null}, {"status": 1, "name": "\u0421\u043f\u043e\u0440\u0442", "address": "acestream://89334ae8fdb895c8612f8a82cca62f05442efb1b", "my": null, "id": "132459", "unverified": null}, {"status": 1, "name": "\u0421\u043f\u043e\u0440\u0442 1 (\u0423\u043a\u0440\u0430\u0438\u043d\u0430)", "address": "acestream://39f62374983cc673e1293db601d24bf8595ddaae", "my": null, "id": "132429", "unverified": null}, {"status": 1, "name": "\u0421\u043f\u043e\u0440\u0442 1 Hd", "address": "acestream://ecd3df0e8f0287217f338cf2fc4507d48988c6b7", "my": null, "id": "70518", "unverified": null}, {"status": 1, "name": "\u0421\u043f\u043e\u0440\u0442 1 \u0420\u043e\u0441\u0441\u0438\u044f", "address": "acestream://2a789f536f4f95192bafd9b7613c521daad480f5", "my": null, "id": "132430", "unverified": null}, {"status": 1, "name": "\u0421\u043f\u043e\u0440\u0442 1 \u0420\u043e\u0441\u0441\u0438\u044f", "address": "acestream://f72a9eca44f86ead64686450a037afa313fbf661", "my": null, "id": "132460", "unverified": null}, {"status": 1, "name": "\u0421\u043f\u043e\u0440\u0442 2 (\u0423\u043a\u0440\u0430\u0438\u043d\u0430)", "address": "acestream://b1a15e2aa6b7ce395fa236076a9ff955a3f37454", "my": null, "id": "132431", "unverified": null}, {"status": 2, "name": "\u0424\u0443\u0442\u0431\u043e\u043b P\u043e\u0441\u0441\u0438\u044f", "address": "acestream://6535445e2d295915193a60f3895c6ccd9fbd89e7", "my": null, "id": "132432", "unverified": null}, {"status": 1, "name": "\u0424\u0443\u0442\u0431\u043e\u043b P\u043e\u0441\u0441\u0438\u044f", "address": "acestream://f2bcbf7670a14784ecff86e242a944ea21e9cdac", "my": null, "id": "132435", "unverified": null}, {"status": 2, "name": "1 Tv Neamt", "address": "http://1tv.ambra.ro", "my": null, "id": "812", "unverified": null}, {"status": 2, "name": "Alfa Media Tv", "address": "http://webmobile.xdev.ro:81/tv27/playlist.m3u8", "my": null, "id": "129929", "unverified": null}, {"status": 2, "name": "Alto Adige Tv", "address": "rtsp://77.72.196.214:8554/live/mp4:AltoAdigeTV", "my": null, "id": "61244", "unverified": null}, {"status": 2, "name": "Banat Tv", "address": "http://81.18.66.155:1935/live/banat-tv/playlist.m3u8", "my": null, "id": "801", "unverified": null}, {"status": 2, "name": "Banat Tv", "address": "rtmp://81.18.66.155/live/banat-tv", "my": null, "id": "200", "unverified": null}, {"status": 2, "name": "Brasov Tv", "address": "rtmp://86.123.175.99:1935/live/myStream", "my": null, "id": "131383", "unverified": null}, {"status": 2, "name": "Campus Tv Buzau", "address": "mmsh://82.208.182.135:8080/", "my": null, "id": "64198", "unverified": null}, {"status": 2, "name": "Columna Tv Targoviste", "address": "rtmp://columna1.arya.ro/live/columnatv1", "my": null, "id": "64196", "unverified": null}, {"status": 2, "name": "Cromtel Tv", "address": "http://webmobile.xdev.ro:81/tv7/playlist.m3u8", "my": null, "id": "129914", "unverified": null}, {"status": 1, "name": "Dareghin Tv", "address": "http://89.45.164.235:8042/stream.flv", "my": null, "id": "60964", "unverified": null}, {"status": 2, "name": "Digi24 Brasov", "address": "http://82.76.249.76/digi24edge/digi24brasovlivehls/chunklist_w1307596074.m3u8", "my": null, "id": "129715", "unverified": null}, {"status": 2, "name": "Iasi Tv Life", "address": "http://webmobile.xdev.ro:81/tv24/playlist.m3u8", "my": null, "id": "129931", "unverified": null}, {"status": 2, "name": "Info Hd Hunedoara", "address": "rtmp://81.196.202.152:1935/live/InfoHd", "my": null, "id": "63580", "unverified": null}, {"status": 2, "name": "Informatia Tv Baia Mare", "address": "http://s1.streamnet.ro:8014/stream.flv", "my": null, "id": "60971", "unverified": null}, {"status": 2, "name": "Intermedia Sv", "address": "http://83.103.150.198:8080", "my": null, "id": "25271", "unverified": null}, {"status": 2, "name": "Muscel Tv Campulung", "address": "mmsh://musceltvlive.muscel.ro:8080", "my": null, "id": "61209", "unverified": null}, {"status": 2, "name": "Nest Tv", "address": "http://webmobile.xdev.ro:81/tv13/playlist.m3u8", "my": null, "id": "129915", "unverified": null}, {"status": 2, "name": "Orizont Tv Tg.lapus", "address": "http://89.45.164.236:8048/stream.flv", "my": null, "id": "60962", "unverified": null}, {"status": 2, "name": "Ploiesti Tv", "address": "rtmp://ptv1.arya.ro/live/ptv1", "my": null, "id": "131391", "unverified": null}, {"status": 2, "name": "Plus Suceava", "address": "http://85.186.146.34:8080", "my": null, "id": "6813", "unverified": null}, {"status": 1, "name": "Prahova Tv Ploiesti", "address": "http://89.45.186.26:1935/live/prahovatv/playlist.m3u8", "my": null, "id": "61217", "unverified": null}, {"status": 2, "name": "Rapsodia Tv Botosani", "address": "rtmp://rapsodia1.arya.ro/live/rapsodiatv1", "my": null, "id": "63574", "unverified": null}, {"status": 2, "name": "Re:tv (letonia)", "address": "http://edge-telia1.tiesraides.lv/live/retv.lv.1_1/playlist.m3u8", "my": null, "id": "131468", "unverified": null}, {"status": 2, "name": "Rtv 1 Vojvodina", "address": "rtsp://212.200.255.151/rtv1", "my": null, "id": "129937", "unverified": null}, {"status": 2, "name": "Rtv 2 Vojvodina", "address": "rtsp://212.200.255.151/rtv2", "my": null, "id": "129938", "unverified": null}, {"status": 1, "name": "Rural(argentina)", "address": "rtsp://streamrural.cmd.com.ar:554/liverural/crural/rural1", "my": null, "id": "124258", "unverified": null}, {"status": 2, "name": "Sangeorz Tv", "address": "http://s2.streamnet.ro:8035/stream.flv", "my": null, "id": "60969", "unverified": null}, {"status": 2, "name": "Somax Tv", "address": "http://webmobile.xdev.ro:81/tv12/playlist.m3u8", "my": null, "id": "129916", "unverified": null}, {"status": 2, "name": "Somax Tv", "address": "acestream://f763f99c6fae672f13e769a52fc1f56134d845a5", "my": null, "id": "134113", "unverified": null}, {"status": 2, "name": "Tele 8 Napoli", "address": "http://vs2.streamcaster.net:1935/tele8_live/tele8/playlist.m3u8", "my": null, "id": "48278", "unverified": null}, {"status": 2, "name": "Tele Luna Napoli", "address": "rtmp://vs2.streamcaster.net:1935/test_live playpath=teleluna swfUrl=http://www.lunaset.it/scripts/FlowPlayerNet/flowplayer.commercial-3.2.15.swf live=1 pageUrl=http://www.lunaset.it/video/live.aspx?live=2", "my": null, "id": "48279", "unverified": null}, {"status": 2, "name": "Tele M Botosani", "address": "http://webmobile.xdev.ro:81/tv11/playlist.m3u8", "my": null, "id": "130017", "unverified": null}, {"status": 2, "name": "Tele M Iasi", "address": "http://webmobile.xdev.ro:81/tv16/playlist.m3u8", "my": null, "id": "130018", "unverified": null}, {"status": 2, "name": "Tele M Neamt", "address": "http://telem.ambra.ro", "my": null, "id": "130462", "unverified": null}, {"status": 2, "name": "Tele Moldova", "address": "http://webmobile.xdev.ro:81/tv5/playlist.m3u8", "my": null, "id": "130015", "unverified": null}, {"status": 2, "name": "Tv Buzau", "address": "http://95.77.16.72:81/tv20/playlist.m3u8", "my": null, "id": "130535", "unverified": null}, {"status": 2, "name": "Tv City", "address": "acestream://41b30c8a1c8782638dcd4850a6ed5500c0833207", "my": null, "id": "129797", "unverified": null}, {"status": 2, "name": "Tv City", "address": "http://telekomtv.ro.edgesuite.net/shls/LIVE$TVCITY/6.m3u8/Level(545259)?start=LIVE&end=END", "my": null, "id": "129785", "unverified": null}, {"status": 2, "name": "Tv Kit", "address": "http://webmobile.xdev.ro:81/tv9/playlist.m3u8", "my": null, "id": "130016", "unverified": null}, {"status": 1, "name": "Tv Sud Est  Rm.sarat", "address": "http://iptv.tvsatrm.ro/livestream/tvse.m3u8", "my": null, "id": "61227", "unverified": null}, {"status": 2, "name": "Tv Sud Gorj", "address": "acestream://8be9f94b7da147a371f82e1e8cadcddf3bb04382", "my": null, "id": "130418", "unverified": null}, {"status": 2, "name": "Tv Sud Tg. Jiu", "address": "rtmp://tvsud1.arya.ro/live/tvsud1", "my": null, "id": "63577", "unverified": null}, {"status": 2, "name": "10 Tv", "address": "http://cache.privesc.eu/10tv/myStream/chunklist.m3u8", "my": null, "id": "132477", "unverified": null}, {"status": 2, "name": "Acasa Md", "address": "acestream://294e727ceacd2010bebb2b94e947321d46b1b9c2", "my": null, "id": "129953", "unverified": null}, {"status": 1, "name": "Accent Tv", "address": "rtmp://tv.simpalsmedia.com/playmd/e5b78eab-ac78-4ec1-89a1-566d640d6726", "my": null, "id": "131274", "unverified": null}, {"status": 2, "name": "Canal 3", "address": "acestream://8c994d4afc2dcb0caf1990e7972da43ce5661c9d", "my": null, "id": "132400", "unverified": null}, {"status": 1, "name": "Canal3 Hd", "address": "acestream://da57d689d3dee632a9c4fdbd3ad72464d4c3f091", "my": null, "id": "120368", "unverified": null}, {"status": 1, "name": "Gurinel Tv", "address": "rtmp://tv.simpalsmedia.com/playmd/4f5c14c0-de40-46b1-838a-f6289d2a3800", "my": null, "id": "131278", "unverified": null}, {"status": 2, "name": "Jurnal Tv", "address": "http://flux.jtv.md/jtv-540p.flv", "my": null, "id": "130009", "unverified": null}, {"status": 2, "name": "Jurnaltv Moldova", "address": "acestream://1247a1a239179c17625938117045926295cac6f2", "my": null, "id": "129607", "unverified": null}, {"status": 2, "name": "M2", "address": "rtmp://212.0.209.209:1935/live/_definst_mp4:MoldovaDoi2", "my": null, "id": "129793", "unverified": null}, {"status": 2, "name": "Moldova 1", "address": "rtmp://212.0.209.209:1935/live/_definst_/mp4:MoldovaUnu1", "my": null, "id": "68117", "unverified": null}, {"status": 2, "name": "Moldova 1", "address": "rtsp://live.trm.md:1935/live/M1Mlive", "my": null, "id": "130099", "unverified": null}, {"status": 2, "name": "Moldova 1", "address": "rtmp://212.0.209.209:1935/live/_definst_/MoldovaUnu1", "my": null, "id": "131394", "unverified": null}, {"status": 2, "name": "Moldova 1", "address": "rtmp://live.trm.md:1935/live/MoldovaUnu1", "my": null, "id": "131270", "unverified": null}, {"status": 1, "name": "Moldova 1", "address": "rtmp://tv.simpalsmedia.com/playmd/9494fd16-36d1-4344-a0b3-699abe0b3601", "my": null, "id": "131271", "unverified": null}, {"status": 2, "name": "Moldova 1", "address": "acestream://0f0e8ac7d53d6bdffa5d6bc6a07bdb9679dc67c9", "my": null, "id": "132822", "unverified": null}, {"status": 1, "name": "Moldova 1", "address": "acestream://611cb3cddbc90189ef562afcc581e8c0b0a6c4b0", "my": null, "id": "129753", "unverified": null}, {"status": 2, "name": "Moldova 2", "address": "rtmp://212.0.209.209:1935/live/_definst_/MoldovaDoi2", "my": null, "id": "131395", "unverified": null}, {"status": 2, "name": "Moldova 2", "address": "acestream://22db81745a7d3a428272bef9adf63babcfa28e58", "my": null, "id": "132824", "unverified": null}, {"status": 2, "name": "Pro Tv Chi\u0218in\u0102u", "address": "acestream://32702c4d6f2c3667667c5902ff4a2ea037996123", "my": null, "id": "129853", "unverified": null}, {"status": 2, "name": "Protv Chisinau", "address": "http://hls.protv.md/hls/protv.m3u8", "my": null, "id": "129804", "unverified": null}, {"status": 2, "name": "Publika Tv", "address": "http://livebeta.publika.md/LIVE/P/6810.m3u8", "my": null, "id": "60902", "unverified": null}, {"status": 1, "name": "Tvc 21", "address": "rtmp://tv.simpalsmedia.com/playmd/bd7d8751-152d-4cc9-b3b1-c214c81ffc72", "my": null, "id": "131272", "unverified": null}, {"status": 2, "name": "Tvc 21 Md", "address": "acestream://b466c1b8324d8b591e47935df062cb6ba92ea09e", "my": null, "id": "132336", "unverified": null}, {"status": 1, "name": "Zona M", "address": "rtmp://tv.simpalsmedia.com/playmd/d2dae479-149c-4762-8e8b-056872f441f6", "my": null, "id": "131280", "unverified": null}, {"status": 1, "name": "1 Business Radio", "address": "http://159.148.215.219:8000/1BusinessRadio.mp3", "my": null, "id": "54580", "unverified": null}, {"status": 2, "name": "3net Folk", "address": "http://media.3netmedia.ro:8000/folkmp3", "my": null, "id": "129699", "unverified": null}, {"status": 2, "name": "Alt.radio", "address": "http://asculta.altradio.ro:8557/stream/1/", "my": null, "id": "79455", "unverified": null}, {"status": 2, "name": "Antena Satelor", "address": "http://89.238.227.6:8042", "my": null, "id": "476", "unverified": null}, {"status": 2, "name": "Arges Mioveni", "address": "http://89.39.189.53:8000", "my": null, "id": "1144", "unverified": null}, {"status": 2, "name": "Bucuresti Fm (srr)", "address": "http://stream2.srr.ro:8030/", "my": null, "id": "132292", "unverified": null}, {"status": 2, "name": "Bucuresti Fm (srr)", "address": "http://stream2.srr.ro:8034/", "my": null, "id": "132308", "unverified": null}, {"status": 2, "name": "Bucuresti Fm (srr)", "address": "http://stream2.srr.ro:8036/", "my": null, "id": "132309", "unverified": null}, {"status": 2, "name": "Bucuresti Fm (srr)", "address": "http://89.238.227.6:8032/", "my": null, "id": "132310", "unverified": null}, {"status": 1, "name": "Cirrus Radio", "address": "http://cirrus.turtil.net:9001", "my": null, "id": "132364", "unverified": null}, {"status": 2, "name": "Detskoe Radio", "address": "http://ic3.101.ru:8000/v14_1", "my": null, "id": "27808", "unverified": null}, {"status": 2, "name": "Eteatru", "address": "http://stream2.srr.ro:8078/eteatru.mp3", "my": null, "id": "132436", "unverified": null}, {"status": 2, "name": "Europa Fm", "address": "http://astreaming.europafm.ro:8000/europafm_aacp48k", "my": null, "id": "60197", "unverified": null}, {"status": 2, "name": "Europa Fm", "address": "http://astreaming.europafm.ro:8000/europafm_mp3_64k", "my": null, "id": "54581", "unverified": null}, {"status": 2, "name": "Ewsr City Radio", "address": "http://live.westcityradio.ro:8000/mp3", "my": null, "id": "80423", "unverified": null}, {"status": 2, "name": "Favoritefm", "address": "http://media.xseu.net/FavoriteFM", "my": null, "id": "18440", "unverified": null}, {"status": 2, "name": "Focus Fm Buzau", "address": "http://live.focusfm.ro:8000/focusfmhigh.ogg", "my": null, "id": "14282", "unverified": null}, {"status": 2, "name": "Gherlafm", "address": "http://89.39.189.52:8000/", "my": null, "id": "104161", "unverified": null}, {"status": 2, "name": "Gmusic Colinde", "address": "http://188.165.212.154:8010/stream", "my": null, "id": "132559", "unverified": null}, {"status": 2, "name": "Gmusic Colinde", "address": "http://91.121.139.194:8102/stream", "my": null, "id": "132560", "unverified": null}, {"status": 2, "name": "Gold Fm", "address": "http://80.86.106.110:8002/", "my": null, "id": "483", "unverified": null}, {"status": 2, "name": "Itsybitsy Fm", "address": "http://live.itsybitsy.ro:8000/itsybitsy", "my": null, "id": "472", "unverified": null}, {"status": 2, "name": "Jurnal Fm", "address": "http://live.jurnalfm.md:8000", "my": null, "id": "129900", "unverified": null}, {"status": 2, "name": "Kapital Fm Petrosani", "address": "http://77.81.53.191:8000/type=mp3", "my": null, "id": "131544", "unverified": null}, {"status": 2, "name": "Magic Fm", "address": "http://live.magicfm.ro:9128/magicfm.aacp", "my": null, "id": "132402", "unverified": null}, {"status": 2, "name": "Mondo Fm", "address": "http://78.96.60.21:8000", "my": null, "id": "119244", "unverified": null}, {"status": 2, "name": "National Fm", "address": "http://live3.nationalfm.ro:8001", "my": null, "id": "54583", "unverified": null}, {"status": 2, "name": "National Fm", "address": "http://live2.nationalfm.ro:8001", "my": null, "id": "484", "unverified": null}, {"status": 1, "name": "National Fm", "address": "http://live.nationalfm.ro:8001", "my": null, "id": "485", "unverified": null}, {"status": 1, "name": "Nrj Premium", "address": "http://95.81.147.24/8470/nrj_165631.mp3", "my": null, "id": "105641", "unverified": null}, {"status": 1, "name": "Pink Plus Radio", "address": "http://212.83.161.167:11002", "my": null, "id": "122561", "unverified": null}, {"status": 1, "name": "Pink Radio", "address": "http://46.165.252.20:8050", "my": null, "id": "122560", "unverified": null}, {"status": 2, "name": "Pro Fm", "address": "http://edge126.rdsnet.ro:84/profm/profm.mp3", "my": null, "id": "132473", "unverified": null}, {"status": 2, "name": "Pro Fm", "address": "http://stream.profm.ro:8012/profm.mp3", "my": null, "id": "482", "unverified": null}, {"status": 2, "name": "Publika Fm", "address": "http://live.maestrofm.md:8000/publikafm", "my": null, "id": "129901", "unverified": null}, {"status": 2, "name": "Radio \"90 Hit", "address": "http://radio90live.go.ro:8000/listen.mp3", "my": null, "id": "132543", "unverified": null}, {"status": 2, "name": "Radio 1 Bulgaria", "address": "http://149.13.0.81/radio1.ogg", "my": null, "id": "66935", "unverified": null}, {"status": 1, "name": "Radio 3net (srr)", "address": "http://media.3netmedia.ro:8000/Live32.m3u8", "my": null, "id": "132305", "unverified": null}, {"status": 1, "name": "Radio 3net (srr)", "address": "http://media.3netmedia.ro:8000/Live.m3u8", "my": null, "id": "132306", "unverified": null}, {"status": 2, "name": "Radio 3net (srr)", "address": "http://media.3netmedia.ro:8000/Live128.m3u", "my": null, "id": "132307", "unverified": null}, {"status": 2, "name": "Radio Brasov", "address": "http://82.77.45.227:8000/", "my": null, "id": "14281", "unverified": null}, {"status": 2, "name": "Radio Bucovina", "address": "http://live.radiobucovina.ro:8000/", "my": null, "id": "98480", "unverified": null}, {"status": 1, "name": "Radio Chisinau", "address": "http://mail.arena.md:8001/", "my": null, "id": "478", "unverified": null}, {"status": 2, "name": "Radio Clasic Kids", "address": "http://37.251.146.169:7600/", "my": null, "id": "132610", "unverified": null}, {"status": 1, "name": "Radio Constanta", "address": "rtmp://89.238.207.219:1935/live/radio-constanta", "my": null, "id": "746", "unverified": null}, {"status": 2, "name": "Radio Constanta", "address": "http://89.238.227.6:8330/", "my": null, "id": "747", "unverified": null}, {"status": 1, "name": "Radio Crocodilu Mac Mac", "address": "http://live.radiosun.ro:8000/macmac", "my": null, "id": "132609", "unverified": null}, {"status": 1, "name": "Radio Digi Fm", "address": "http://edge77.rdsnet.ro:84/digifm", "my": null, "id": "111585", "unverified": null}, {"status": 2, "name": "Radio Dinamo 1948", "address": "http://167.114.207.227:1948", "my": null, "id": "122922", "unverified": null}, {"status": 1, "name": "Radio Dor", "address": "http://176.126.236.107:9123/radiodor.mp3", "my": null, "id": "131885", "unverified": null}, {"status": 2, "name": "Radio Folclor", "address": "http://167.114.207.226:5000", "my": null, "id": "480", "unverified": null}, {"status": 2, "name": "Radio Hot", "address": "http://live.radiohot.ro:8000", "my": null, "id": "54560", "unverified": null}, {"status": 2, "name": "Radio Iasi", "address": "http://89.238.227.6:8200/", "my": null, "id": "53061", "unverified": null}, {"status": 2, "name": "Radio Illegal", "address": "http://hyades.shoutca.st:8130/", "my": null, "id": "129707", "unverified": null}, {"status": 2, "name": "Radio Intens", "address": "http://live2.radiointens.ro:8010", "my": null, "id": "85703", "unverified": null}, {"status": 2, "name": "Radio Intens Popular", "address": "http://live.radiointens.ro:8070", "my": null, "id": "59335", "unverified": null}, {"status": 1, "name": "Radio Italia Smi", "address": "rtmp://radioitalia.cdcache.net/cwedge/RADIOITALIA", "my": null, "id": "33694", "unverified": null}, {"status": 2, "name": "Radio Junior", "address": "http://91.121.62.121:8010/", "my": null, "id": "129700", "unverified": null}, {"status": 2, "name": "Radio Liberty Colinde", "address": "http://colinde.radioliberty.ro:1989/", "my": null, "id": "132558", "unverified": null}, {"status": 2, "name": "Radio Lipova", "address": "http://radiolipova.radiolipova.net:1717/", "my": null, "id": "1223", "unverified": null}, {"status": 2, "name": "Radio Mix Romania", "address": "http://live.mixcraiova.ro:8241", "my": null, "id": "129714", "unverified": null}, {"status": 2, "name": "Radio Moldova Actualitati", "address": "http://radiolive.trm.md:8000/PGM1_128kb", "my": null, "id": "14277", "unverified": null}, {"status": 2, "name": "Radio Moldova Muzical", "address": "http://radiolive.trm.md:8000/RM-muzical-128", "my": null, "id": "14278", "unverified": null}, {"status": 2, "name": "Radio Moldova Tineret", "address": "http://radiolive.trm.md:8000/RM-tineret-128", "my": null, "id": "14279", "unverified": null}, {"status": 2, "name": "Radio Noroc", "address": "http://live.noroc.tv:8000/radionoroc.aacp", "my": null, "id": "652", "unverified": null}, {"status": 2, "name": "Radio Oltenia Craiova", "address": "http://stream2.srr.ro:8370/", "my": null, "id": "99784", "unverified": null}, {"status": 2, "name": "Radio Petrecaretzu", "address": "http://radiopetrecaretzu.zapto.org:8383", "my": null, "id": "59336", "unverified": null}, {"status": 2, "name": "Radio Plai", "address": "http://stream.radioplai.md:8000/live", "my": null, "id": "14276", "unverified": null}, {"status": 2, "name": "Radio Popular Romania", "address": "http://live.radiopopular.ro:8888", "my": null, "id": "129713", "unverified": null}, {"status": 2, "name": "Radio Romania Actualitati (srr)", "address": "http://89.238.227.6:8000/", "my": null, "id": "132293", "unverified": null}, {"status": 2, "name": "Radio Romania Actualitati (srr)", "address": "http://stream2.srr.ro:8004/", "my": null, "id": "132294", "unverified": null}, {"status": 2, "name": "Radio Romania Actualitati (srr)", "address": "http://stream2.srr.ro:8006/", "my": null, "id": "132295", "unverified": null}, {"status": 2, "name": "Radio Romania Antena Satelor (srr)", "address": "http://stream2.srr.ro:8040/", "my": null, "id": "132302", "unverified": null}, {"status": 2, "name": "Radio Romania Antena Satelor (srr)", "address": "http://stream2.srr.ro:8044/", "my": null, "id": "132303", "unverified": null}, {"status": 2, "name": "Radio Romania Antena Satelor (srr)", "address": "http://stream2.srr.ro:8046/", "my": null, "id": "132304", "unverified": null}, {"status": 2, "name": "Radio Romania Cultural (srr)", "address": "http://stream2.srr.ro:8010/", "my": null, "id": "132296", "unverified": null}, {"status": 2, "name": "Radio Romania Cultural (srr)", "address": "http://stream2.srr.ro:8014/", "my": null, "id": "132297", "unverified": null}, {"status": 2, "name": "Radio Romania Cultural (srr)", "address": "http://stream2.srr.ro:8016/", "my": null, "id": "132298", "unverified": null}, {"status": 2, "name": "Radio Romania Muzical (srr)", "address": "http://stream2.srr.ro:8020/", "my": null, "id": "132299", "unverified": null}, {"status": 2, "name": "Radio Romania Muzical (srr)", "address": "http://stream2.srr.ro:8024/", "my": null, "id": "132300", "unverified": null}, {"status": 2, "name": "Radio Romania Muzical (srr)", "address": "http://stream2.srr.ro:8026/", "my": null, "id": "132301", "unverified": null}, {"status": 2, "name": "Radio Romanian Colinde", "address": "http://89.39.189.61:8600", "my": null, "id": "132557", "unverified": null}, {"status": 1, "name": "Radio Romantic", "address": "rtsp://live.romanticfm.ro/live/romantic_fm_mobile.stream", "my": null, "id": "467", "unverified": null}, {"status": 1, "name": "Radio Russia", "address": "http://livestream.rfn.ru:8080/rrzonam/mp3_192kbps", "my": null, "id": "27002", "unverified": null}, {"status": 2, "name": "Radio Semnal (alexandria)", "address": "http://5.2.242.243:8080/", "my": null, "id": "132311", "unverified": null}, {"status": 1, "name": "Radio Special Brasov", "address": "http://82.77.45.227:8050", "my": null, "id": "14285", "unverified": null}, {"status": 2, "name": "Radio Traditional Colinde", "address": "http://5.135.16.243:9000", "my": null, "id": "118879", "unverified": null}, {"status": 2, "name": "Radio Traditional Colinde", "address": "http://colinde.radiotraditional.ro:9000", "my": null, "id": "129949", "unverified": null}, {"status": 2, "name": "Radio Traditional Populara", "address": "http://populara.radiotraditional.ro:7600/", "my": null, "id": "54563", "unverified": null}, {"status": 2, "name": "Radio Vip Beograd", "address": "http://vip128.streaming.rs:8110/", "my": null, "id": "66936", "unverified": null}, {"status": 1, "name": "Radio Zestrea", "address": "http://86.122.138.86:8000/radiozestrea", "my": null, "id": "129889", "unverified": null}, {"status": 2, "name": "Radio Zu", "address": "http://stream.radiozu.ro:8020/", "my": null, "id": "462", "unverified": null}, {"status": 2, "name": "Realitatea Fm", "address": "http://195.42.138.43/liveaudio/liveaudio.stream/index.m3u8", "my": null, "id": "132536", "unverified": null}, {"status": 2, "name": "Rock Fm", "address": "http://80.86.106.143:9128/rockfm.aacp", "my": null, "id": "131884", "unverified": null}, {"status": 1, "name": "Rock Radio", "address": "http://mediafilmcenter.ro:8888", "my": null, "id": "131883", "unverified": null}, {"status": 2, "name": "Romania 3net", "address": "http://media.3netmedia.ro:8000/Live128", "my": null, "id": "475", "unverified": null}, {"status": 2, "name": "Romania Actualitati", "address": "http://89.238.227.6:8002", "my": null, "id": "477", "unverified": null}, {"status": 2, "name": "Romania Cultural", "address": "http://89.238.227.6:8012", "my": null, "id": "473", "unverified": null}, {"status": 2, "name": "Romania Muzical", "address": "http://89.238.227.6:8022", "my": null, "id": "474", "unverified": null}, {"status": 2, "name": "Somes", "address": "http://93.114.46.112:8000/", "my": null, "id": "1224", "unverified": null}, {"status": 2, "name": "Sport Total Fm", "address": "http://85.204.59.131:8001/;?hash=1424085992620", "my": null, "id": "66932", "unverified": null}, {"status": 2, "name": "Tex Fm Brasov", "address": "http://www.texfm.ro:8000/live", "my": null, "id": "14284", "unverified": null}, {"status": 1, "name": "W9 Hits", "address": "http://sslhls.m6tv.cdn.sfr.net/hls-live/livepkgr/_definst_/w9_hls_aes/w9_hls_aes_856.m3u8", "my": null, "id": "107059", "unverified": null}, {"status": 2, "name": "\u0420\u0430\u0434\u0438\u043e \u0428\u0430\u043d\u0441\u043e\u043d (radio Sanson)", "address": "http://chanson.hostingradio.ru:8041/chanson128.mp3?md5=wlizKOrjztMrqWkfDbn61Q&e=1465911521", "my": null, "id": "73165", "unverified": null}]