<?xml version="1.0" encoding="UTF-8" standalone="yes"?>
<addon id="repository.moromete.addons" name="Moromete's Repository" version="1.0.0">
	<extension point="xbmc.addon.repository" name="Moromete's Repository">
		<info compressed="false">https://moromete.github.io/moromete.kodi.repo/addons.xml</info>
		<checksum>https://moromete.github.io/moromete.kodi.repo/addons.xml.md5</checksum>
		<datadir zip="true">https://moromete.github.io/moromete.kodi.repo/</datadir>
	</extension>
	<extension point="xbmc.addon.metadata">
		<summary>Add-ons that arn't in the official XBMC repository.</summary>
		<description>Add-ons for XBMC, sometimes are a work in progress.</description>
		<disclaimer></disclaimer>
		<platform>all</platform>
	</extension>
</addon>
