<?xml version="1.0" encoding="UTF-8" standalone="yes"?>
<addon id="plugin.audio.eteatru"
       name="Eteatru"
       version="0.0.2"
       provider-name="Moromete">
  <requires>
    <import addon="xbmc.python" version="2.1.0"/>
  </requires>
  <extension point="xbmc.python.pluginsource"
             library="default.py">
    <provides>audio</provides>
  </extension>
  <extension point="xbmc.addon.metadata">
    <summary>
      Eteatru
    </summary>
    <description>
      Eteatru
      http://www.eteatru.ro
    </description>
    <platform>all</platform>
  </extension>
</addon>
