<?xml version="1.0" encoding="UTF-8" standalone="yes"?>
<addon id="plugin.video.acestreamsearch"
       name="AcestreamSearch"
       version="0.1.1"
       provider-name="Moromete">
  <requires>
    <import addon="xbmc.python" version="3.0.0"/>
    <import addon="script.module.beautifulsoup4"/>
  </requires>
  <extension point="xbmc.python.pluginsource"
             library="default.py">
    <provides>video</provides>
  </extension>
  <extension point="xbmc.addon.metadata">
    <summary>
      Acestream Search
    </summary>
    <description>
      Acestream Search 
    </description>
    <platform>all</platform>
    <assets>
      <icon>resources/icon.png</icon>
      <fanart>resources/fanart.jpg</fanart>
    </assets>
  </extension>
</addon>
